title,keywords,group,link,pdf,abstract
1. Multiple Source Detection without Knowing the Underlying Propagation Model,,,https://ojs.aaai.org/index.php/AAAI/article/view/10477,,
2. Radon – Rapid Discovery of Topological Relations,,,https://ojs.aaai.org/index.php/AAAI/article/view/10478,,
3. CLARE- A Joint Approach to Label Classification and Tag Recommendation,,,https://ojs.aaai.org/index.php/AAAI/article/view/10479,,
4. Treatment Effect Estimation with Data-Driven Variable Decomposition,,,https://ojs.aaai.org/index.php/AAAI/article/view/10480,,
5. Phrase-Based Presentation Slides Generation for Academic Papers,,,https://ojs.aaai.org/index.php/AAAI/article/view/10481,,
6. Finding Critical Users for Social Network Engagement- The Collapsed k-Core Problem,,,https://ojs.aaai.org/index.php/AAAI/article/view/10482,,
7. Correlated Cascades- Compete or Cooperate,,,https://ojs.aaai.org/index.php/AAAI/article/view/10483,,
8. Understanding the Semantic Structures of Tables with a Hybrid Deep Neural Network Architecture,,,https://ojs.aaai.org/index.php/AAAI/article/view/10484,,
9. Learning Visual Sentiment Distributions via Augmented Conditional Probability Neural Network,,,https://ojs.aaai.org/index.php/AAAI/article/view/10485,,
10. Semantic Proximity Search on Heterogeneous Graph by Proximity Embedding,,,https://ojs.aaai.org/index.php/AAAI/article/view/10486,,
11. Transitive Hashing Network for Heterogeneous Multimedia Retrieval,,,https://ojs.aaai.org/index.php/AAAI/article/view/10487,,
12. Community Preserving Network Embedding,,,https://ojs.aaai.org/index.php/AAAI/article/view/10488,,
13. Joint Identification of Network Communities and Semantics via Integrative Modeling of Network Topologies and Node Contents,,,https://ojs.aaai.org/index.php/AAAI/article/view/10489,,
14. Web-Based Semantic Fragment Discovery for On-Line Lingual-Visual Similarity,,,https://ojs.aaai.org/index.php/AAAI/article/view/10490,,
15. Exploiting both Vertical and Horizontal Dimensions of Feature Hierarchy for Effective Recommendation,,,https://ojs.aaai.org/index.php/AAAI/article/view/10491,,
16. A Declarative Approach to Data-Driven Fact Checking,,,https://ojs.aaai.org/index.php/AAAI/article/view/10492,,
17. Multi-Task Deep Learning for User Intention Understanding in Speech Interaction Systems,,,https://ojs.aaai.org/index.php/AAAI/article/view/10493,,
18. Efficient Delivery Policy to Minimize User Traffic Consumption in Guaranteed Advertising,,,https://ojs.aaai.org/index.php/AAAI/article/view/10494,,
19. Marrying Uncertainty and Time in Knowledge Graphs,,,https://ojs.aaai.org/index.php/AAAI/article/view/10495,,
20. Read the Silence- Well-Timed Recommendation via Admixture Marked Point Processes,,,https://ojs.aaai.org/index.php/AAAI/article/view/10496,,
21. TweetFit- Fusing Multiple Social Media and Sensor Data for Wellness Profile Learning,,,https://ojs.aaai.org/index.php/AAAI/article/view/10497,,
22. Random-Radius Ball Method for Estimating Closeness Centrality,,,https://ojs.aaai.org/index.php/AAAI/article/view/10498,,
23. A Dependency-Based Neural Reordering Model for Statistical Machine Translation,,,https://ojs.aaai.org/index.php/AAAI/article/view/10499,,
24. POI2Vec- Geographical Latent Representation for Predicting Future Visitors,,,https://ojs.aaai.org/index.php/AAAI/article/view/10500,,
25. Visual Sentiment Analysis by Attending on Local Image Regions,,,https://ojs.aaai.org/index.php/AAAI/article/view/10501,,
26. Expectile Matrix Factorization for Skewed Data Analysis,,,https://ojs.aaai.org/index.php/AAAI/article/view/10502,,
27. A Leukocyte Detection Technique in Blood Smear Images Using Plant Growth Simulation Algorithm,,,https://ojs.aaai.org/index.php/AAAI/article/view/10503,,
28. Novel Geometric Approach for Global Alignment of PPI Networks,,,https://ojs.aaai.org/index.php/AAAI/article/view/10504,,
29. Gated Neural Networks for Option Pricing- Rationality by Design,,,https://ojs.aaai.org/index.php/AAAI/article/view/10505,,
30. Local Discriminant Hyperalignment for Multi-Subject fMRI Data Alignment,,,https://ojs.aaai.org/index.php/AAAI/article/view/10506,,
31. Partitioned Sampling of Public Opinions Based on Their Social Dynamics,,,https://ojs.aaai.org/index.php/AAAI/article/view/10507,,
32. SnapNETS- Automatic Segmentation of Network Sequences with Node Labels,,,https://ojs.aaai.org/index.php/AAAI/article/view/10508,,
33. Towards Better Understanding the Clothing Fashion Styles- A Multimodal Deep Learning Approach,,,https://ojs.aaai.org/index.php/AAAI/article/view/10509,,
34. Volumetric ConvNets with Mixed Residual Connections for Automated Prostate Segmentation from 3D MR Images,,,https://ojs.aaai.org/index.php/AAAI/article/view/10510,,
35. Taming the Matthew Effect in Online Markets with Social Influence,,,https://ojs.aaai.org/index.php/AAAI/article/view/10511,,
36. StructInf- Mining Structural Influence from Social Streams,,,https://ojs.aaai.org/index.php/AAAI/article/view/10512,,
37. Profit-Driven Team Grouping in Social Networks,,,https://ojs.aaai.org/index.php/AAAI/article/view/10513,,
38. The Efficiency of the HyperPlay Technique Over Random Sampling,,,https://ojs.aaai.org/index.php/AAAI/article/view/10559,,
39. Team-Maxmin Equilibrium- Efficiency Bounds and Algorithms,,,https://ojs.aaai.org/index.php/AAAI/article/view/10560,,
40. The Computational Complexity of Weighted Greedy Matching,,,https://ojs.aaai.org/index.php/AAAI/article/view/10561,,
41. Complexity of the Stable Invitations Problem,,,https://ojs.aaai.org/index.php/AAAI/article/view/10562,,
42. Preference Elicitation For Participatory Budgeting,,,https://ojs.aaai.org/index.php/AAAI/article/view/10563,,
43. Bounded Rationality of Restricted Turing Machines,,,https://ojs.aaai.org/index.php/AAAI/article/view/10564,,
44. Optimal Personalized Defense Strategy Against Man-In-The-Middle Attack,,,https://ojs.aaai.org/index.php/AAAI/article/view/10565,,
45. On Markov Games Played by Bayesian and Boundedly-Rational Players,,,https://ojs.aaai.org/index.php/AAAI/article/view/10566,,
46. Non-Additive Security Games,,,https://ojs.aaai.org/index.php/AAAI/article/view/10567,,
"47. Network, Popularity and Social Cohesion- A Game-Theoretic Approach",,,https://ojs.aaai.org/index.php/AAAI/article/view/10568,,
48. An Ambiguity Aversion Model for Decision Making under Ambiguity,,,https://ojs.aaai.org/index.php/AAAI/article/view/10569,,
49. The Dollar Auction with Spiteful Players,,,https://ojs.aaai.org/index.php/AAAI/article/view/10570,,
50. Extensive-Form Perfect Equilibrium Computation in Two-Player Games,,,https://ojs.aaai.org/index.php/AAAI/article/view/10571,,
51. On Covering Codes and Upper Bounds for the Dimension of Simple Games,,,https://ojs.aaai.org/index.php/AAAI/article/view/10572,,
52. Disarmament Games,,,https://ojs.aaai.org/index.php/AAAI/article/view/10573,,
53. Automated Design of Robust Mechanisms,,,https://ojs.aaai.org/index.php/AAAI/article/view/10574,,
54. Approximation and Parameterized Complexity of Minimax Approval Voting,,,https://ojs.aaai.org/index.php/AAAI/article/view/10575,,
55. Optimal Pricing for Submodular Valuations with Bounded Curvature,,,https://ojs.aaai.org/index.php/AAAI/article/view/10576,,
56. Achieving Sustainable Cooperation in Generalized Prisoners Dilemma with Observation Errors,,,https://ojs.aaai.org/index.php/AAAI/article/view/10577,,
57. Fans Economy and All-Pay Auctions with Proportional Allocations,,,https://ojs.aaai.org/index.php/AAAI/article/view/10578,,
58. Selfish Knapsack,,,https://ojs.aaai.org/index.php/AAAI/article/view/10579,,
59. Axiomatic Characterization of Game-Theoretic Network Centralities,,,https://ojs.aaai.org/index.php/AAAI/article/view/10580,,
60. Exclusion Method for Finding Nash Equilibrium in Multiplayer Games,,,https://ojs.aaai.org/index.php/AAAI/article/view/10581,,
61. Algorithms for Max-Min Share Fair Allocation of Indivisible Chores,,,https://ojs.aaai.org/index.php/AAAI/article/view/10582,,
62. Computing Least Cores of Supermodular Cooperative Games,,,https://ojs.aaai.org/index.php/AAAI/article/view/10583,,
63. Envy-Free Mechanisms with Minimum Number of Cuts,,,https://ojs.aaai.org/index.php/AAAI/article/view/10584,,
64. Optimizing Positional Scoring Rules for Rank Aggregation,,,https://ojs.aaai.org/index.php/AAAI/article/view/10585,,
65. Complexity of Manipulating Sequential Allocation,,,https://ojs.aaai.org/index.php/AAAI/article/view/10586,,
66. Vote Until Two of You Agree- Mechanisms with Small Distortion and Sample Complexity,,,https://ojs.aaai.org/index.php/AAAI/article/view/10587,,
67. Obvious Strategyproofness Needs Monitoring for Good Approximations,,,https://ojs.aaai.org/index.php/AAAI/article/view/10588,,
68. Teams in Online Scheduling Polls- Game-Theoretic Aspects,,,https://ojs.aaai.org/index.php/AAAI/article/view/10589,,
69. Proper Proxy Scoring Rules,,,https://ojs.aaai.org/index.php/AAAI/article/view/10590,,
70. Social Choice Under Metric Preferences- Scoring Rules and STV,,,https://ojs.aaai.org/index.php/AAAI/article/view/10591,,
71. The Positronic Economist- A Computational System for Analyzing Economic Mechanisms,,,https://ojs.aaai.org/index.php/AAAI/article/view/10592,,
72. Small Representations of Big Kidney Exchange Graphs,,,https://ojs.aaai.org/index.php/AAAI/article/view/10593,,
73. Crowdsourced Outcome Determination in Prediction Markets,,,https://ojs.aaai.org/index.php/AAAI/article/view/10594,,
74. The Complexity of Stable Matchings under Substitutable Preferences,,,https://ojs.aaai.org/index.php/AAAI/article/view/10595,,
75. Randomized Mechanisms for Selling Reserved Instances in Cloud,,,https://ojs.aaai.org/index.php/AAAI/article/view/10596,,
76. Heuristic Search Value Iteration for One-Sided Partially Observable Stochastic Games,,,https://ojs.aaai.org/index.php/AAAI/article/view/10597,,
77. Phragmén’s Voting Methods and Justified Representation,,,https://ojs.aaai.org/index.php/AAAI/article/view/10598,,
78. Constrained Pure Nash Equilibria in Polymatrix Games,,,https://ojs.aaai.org/index.php/AAAI/article/view/10599,,
79. Multiwinner Approval Rules as Apportionment Methods,,,https://ojs.aaai.org/index.php/AAAI/article/view/10600,,
80. Mechanism Design for Multi-Type Housing Markets,,,https://ojs.aaai.org/index.php/AAAI/article/view/10601,,
81. Tractable Algorithms for Approximate Nash Equilibria in Generalized Graphical Games with Tree Structure,,,https://ojs.aaai.org/index.php/AAAI/article/view/10602,,
82. Dynamic Thresholding and Pruning for Regret Minimization,,,https://ojs.aaai.org/index.php/AAAI/article/view/10603,,
83. Revenue Maximization for Finitely Repeated Ad Auctions,,,https://ojs.aaai.org/index.php/AAAI/article/view/10604,,
84. Mechanism Design in Social Networks,,,https://ojs.aaai.org/index.php/AAAI/article/view/10605,,
85. Winner Determination in Huge Elections with MapReduce,,,https://ojs.aaai.org/index.php/AAAI/article/view/10606,,
86. On Pareto Optimality in Social Distance Games,,,https://ojs.aaai.org/index.php/AAAI/article/view/10607,,
87. Nash Stability in Social Distance Games,,,https://ojs.aaai.org/index.php/AAAI/article/view/10608,,
88. Strategic Signaling and Free Information Disclosure in Auctions,,,https://ojs.aaai.org/index.php/AAAI/article/view/10609,,
89. Incentivising Monitoring in Open Normative Systems,,,https://ojs.aaai.org/index.php/AAAI/article/view/10610,,
90. Proportional Justified Representation,,,https://ojs.aaai.org/index.php/AAAI/article/view/10611,,
91. What Do Multiwinner Voting Rules Do- An Experiment Over the Two-Dimensional Euclidean Domain,,,https://ojs.aaai.org/index.php/AAAI/article/view/10612,,
92. Psychological Forest- Predicting Human Behavior,,,https://ojs.aaai.org/index.php/AAAI/article/view/10613,,
93. Security Games on a Plane,,,https://ojs.aaai.org/index.php/AAAI/article/view/10614,,
94. Preferences Single-Peaked on a Circle,,,https://ojs.aaai.org/index.php/AAAI/article/view/10615,,
95. Recognising Multidimensional Euclidean Preferences,,,https://ojs.aaai.org/index.php/AAAI/article/view/10616,,
96. Group Activity Selection on Social Networks,,,https://ojs.aaai.org/index.php/AAAI/article/view/10617,,
97. Resource Graph Games- A Compact Representation for Games with Structured Strategy Spaces,,,https://ojs.aaai.org/index.php/AAAI/article/view/10618,,
98. Sequential Peer Prediction- Learning to Elicit Effort using Posted Prices,,,https://ojs.aaai.org/index.php/AAAI/article/view/10619,,
99. Faster and Simpler Algorithm for Optimal Strategies of Blotto Game,,,https://ojs.aaai.org/index.php/AAAI/article/view/10620,,
100. Engineering Agreement- The Naming Game with Asymmetric and Heterogeneous Agents,,,https://ojs.aaai.org/index.php/AAAI/article/view/10621,,
101. A Study of Compact Reserve Pricing Languages,,,https://ojs.aaai.org/index.php/AAAI/article/view/10622,,
102. Market Pricing for Data Streams,,,https://ojs.aaai.org/index.php/AAAI/article/view/10623,,
103. Probably Approximately Efficient Combinatorial Auctions via Machine Learning,,,https://ojs.aaai.org/index.php/AAAI/article/view/10624,,
104. Going Beyond Primal Treewidth for (M)ILP,,,https://ojs.aaai.org/index.php/AAAI/article/view/10644,,
105. A Generic Bet-and-Run Strategy for Speeding Up Stochastic Local Search,,,https://ojs.aaai.org/index.php/AAAI/article/view/10645,,
106. A Unified Convex Surrogate for the Schatten-p Norm,,,https://ojs.aaai.org/index.php/AAAI/article/view/10646,,
107. Efficient Hyperparameter Optimization for Deep Learning Algorithms Using Deterministic RBF Surrogates,,,https://ojs.aaai.org/index.php/AAAI/article/view/10647,,
108. An Exact Algorithm for the Maximum Weight Clique Problem in Large Graphs,,,https://ojs.aaai.org/index.php/AAAI/article/view/10648,,
109. Efficient Stochastic Optimization for Low-Rank Distance Metric Learning,,,https://ojs.aaai.org/index.php/AAAI/article/view/10649,,
110. Embedded Bandits for Large-Scale Black-Box Optimization,,,https://ojs.aaai.org/index.php/AAAI/article/view/10650,,
111. Parallel Asynchronous Stochastic Variance Reduction for Nonconvex Optimization,,,https://ojs.aaai.org/index.php/AAAI/article/view/10651,,
112. Regret Ratio Minimization in Multi-Objective Submodular Function Maximization,,,https://ojs.aaai.org/index.php/AAAI/article/view/10652,,
113. Non-Monotone DR-Submodular Function Maximization,,,https://ojs.aaai.org/index.php/AAAI/article/view/10653,,
114. Automatic Logic-Based Benders Decomposition with MiniZinc,,,https://ojs.aaai.org/index.php/AAAI/article/view/10654,,
115. A Fast Algorithm to Compute Maximum k-Plexes in Social Network Analysis,,,https://ojs.aaai.org/index.php/AAAI/article/view/10655,,
116. The Simultaneous Maze Solving Problem,,,https://ojs.aaai.org/index.php/AAAI/article/view/10656,,
117. Efficient Parameter Importance Analysis via Ablation with Surrogates,,,https://ojs.aaai.org/index.php/AAAI/article/view/10657,,
118. Problem Difficulty and the Phase Transition in Heuristic Search,,,https://ojs.aaai.org/index.php/AAAI/article/view/10658,,
119. Systematic Exploration of Larger Local Search Neighborhoods for the Minimum Vertex Cover Problem,,,https://ojs.aaai.org/index.php/AAAI/article/view/10659,,
120. Reactive Dialectic Search Portfolios for MaxSAT,,,https://ojs.aaai.org/index.php/AAAI/article/view/10660,,
121. New Lower Bound for the Minimum Sum Coloring Problem,,,https://ojs.aaai.org/index.php/AAAI/article/view/10661,,
122. Dancing with Decision Diagrams- A Combined Approach to Exact Cover,,,https://ojs.aaai.org/index.php/AAAI/article/view/10662,,
123. Learning to Prune Dominated Action Sequences in Online Black-Box Planning,,,https://ojs.aaai.org/index.php/AAAI/article/view/10663,,
124. Solving High-Dimensional Multi-Objective Optimization Problems with Low Effective Dimensions,,,https://ojs.aaai.org/index.php/AAAI/article/view/10664,,
125. Value Compression of Pattern Databases,,,https://ojs.aaai.org/index.php/AAAI/article/view/10665,,
126. Grid Pathfinding on the 2k Neighborhoods,,,https://ojs.aaai.org/index.php/AAAI/article/view/10666,,
127. Anytime Anyspace AND-OR Search for Bounding the Partition Function,,,https://ojs.aaai.org/index.php/AAAI/article/view/10667,,
128. Automated Data Extraction Using Predictive Program Synthesis,,,https://ojs.aaai.org/index.php/AAAI/article/view/10668,,
129. PIVE- Per-Iteration Visualization Environment for Real-Time Interactions with Dimension Reduction and Clustering,,,https://ojs.aaai.org/index.php/AAAI/article/view/10628,,
130. Capturing Dependencies among Labels and Features for Multiple Emotion Tagging of Multimedia Data,,,https://ojs.aaai.org/index.php/AAAI/article/view/10629,,
131. The Benefit in Free Information Disclosure When Selling Information to People,,,https://ojs.aaai.org/index.php/AAAI/article/view/10630,,
132. JAG- A Crowdsourcing Framework for Joint Assessment and Peer Grading,,,https://ojs.aaai.org/index.php/AAAI/article/view/10631,,
133. Psychologically Based Virtual-Suspect for Interrogative Interview Training,,,https://ojs.aaai.org/index.php/AAAI/article/view/10632,,
134. On Human Intellect and Machine Failures- Troubleshooting Integrative Machine Learning Systems,,,https://ojs.aaai.org/index.php/AAAI/article/view/10633,,
135. Pairwise HITS- Quality Estimation from Pairwise Comparisons in Creator-Evaluator Crowdsourcing Process,,,https://ojs.aaai.org/index.php/AAAI/article/view/10634,,
136. Long-Term Trends in the Public Perception of Artificial Intelligence,,,https://ojs.aaai.org/index.php/AAAI/article/view/10635,,
137. A Theoretical Analysis of First Heuristics of Crowdsourced Entity Resolution,,,https://ojs.aaai.org/index.php/AAAI/article/view/10636,,
138. Polynomially Bounded Logic Programs with Function Symbols- A New Decidable,,,https://ojs.aaai.org/index.php/AAAI/article/view/10669,,
139. Dont Forget the Quantifiable Relationship between Words- Using Recurrent Neural Network for Short Text Topic Discovery,,,https://ojs.aaai.org/index.php/AAAI/article/view/10670,,
140. On Equivalence and Inconsistency of Answer Set Programs with External Sources,,,https://ojs.aaai.org/index.php/AAAI/article/view/10671,,
141. Efficient Evaluation of Answer Set Programs with External Sources Based on External Source Inlining,,,https://ojs.aaai.org/index.php/AAAI/article/view/10672,,
142. Strategic Sequences of Arguments for Persuasion Using Decision Trees,,,https://ojs.aaai.org/index.php/AAAI/article/view/10673,,
143. Entropic Causal Inference,,,https://ojs.aaai.org/index.php/AAAI/article/view/10674,,
144. On the Transitivity of Hypernym-Hyponym Relations in Data-Driven Lexical Taxonomies,,,https://ojs.aaai.org/index.php/AAAI/article/view/10675,,
145. Graph-Based Wrong IsA Relation Detection in a Large-Scale Lexical Taxonomy,,,https://ojs.aaai.org/index.php/AAAI/article/view/10676,,
146. ProjE- Embedding Projection for Knowledge Graph Completion,,,https://ojs.aaai.org/index.php/AAAI/article/view/10677,,
147. Number Restrictions on Transitive Roles in Description Logics with Nominals,,,https://ojs.aaai.org/index.php/AAAI/article/view/10678,,
148. On the Computation of Paracoherent Answer Sets,,,https://ojs.aaai.org/index.php/AAAI/article/view/10679,,
149. Ontology-Mediated Queries for Probabilistic Databases,,,https://ojs.aaai.org/index.php/AAAI/article/view/10680,,
150. SAT Encodings for Distance-Based Belief Merging Operators,,,https://ojs.aaai.org/index.php/AAAI/article/view/10681,,
151. Solving Advanced Argumentation Problems with Answer-Set Programming,,,https://ojs.aaai.org/index.php/AAAI/article/view/10682,,
152. Practical TBox Abduction Based on Justification Patterns,,,https://ojs.aaai.org/index.php/AAAI/article/view/10683,,
153. Small Is Beautiful- Computing Minimal Equivalent EL Concepts,,,https://ojs.aaai.org/index.php/AAAI/article/view/10684,,
154. Non-Parametric Estimation of Multiple Embeddings for Link Prediction on Dynamic Knowledge Graphs,,,https://ojs.aaai.org/index.php/AAAI/article/view/10685,,
"155. LPMLN, Weak Constraints, and P-log",,,https://ojs.aaai.org/index.php/AAAI/article/view/10686,,
156. The Unusual Suspects- Deep Learning Based Mining of Interesting Entity Trivia from Knowledge Graphs,,,https://ojs.aaai.org/index.php/AAAI/article/view/10687,,
157. Add Data into Business Process Verification- Bridging the Gap between Theory and Practice,,,https://ojs.aaai.org/index.php/AAAI/article/view/10688,,
158. Query Answering in DL-Lite with Datatypes- A Non-Uniform Approach,,,https://ojs.aaai.org/index.php/AAAI/article/view/10689,,
159. Source Information Disclosure in Ontology-Based Data Integration,,,https://ojs.aaai.org/index.php/AAAI/article/view/10690,,
160. Ontology Materialization by Abstraction Refinement in Horn SHOIF,,,https://ojs.aaai.org/index.php/AAAI/article/view/10691,,
161. Checking the Consistency of Combined Qualitative Constraint Networks,,,https://ojs.aaai.org/index.php/AAAI/article/view/10692,,
162. Abstraction in Situation Calculus Action Theories,,,https://ojs.aaai.org/index.php/AAAI/article/view/10693,,
163. Diagnosability Planning for Controllable Discrete Event Systems,,,https://ojs.aaai.org/index.php/AAAI/article/view/10694,,
164. Preferential Structures for Comparative Probabilistic Reasoning,,,https://ojs.aaai.org/index.php/AAAI/article/view/10695,,
165. Ontology-Based Data Access with a Horn Fragment of Metric Temporal Logic,,,https://ojs.aaai.org/index.php/AAAI/article/view/10696,,
166. Compiling Graph Substructures into Sentential Decision Diagrams,,,https://ojs.aaai.org/index.php/AAAI/article/view/10697,,
167. Causal Discovery Using Regression-Based Conditional Independence Tests,,,https://ojs.aaai.org/index.php/AAAI/article/view/10698,,
168. The Symbolic Interior Point Method,,,https://ojs.aaai.org/index.php/AAAI/article/view/10699,,
169. An Improved Algorithm for Learning to Perform Exception-Tolerant Abduction,,,https://ojs.aaai.org/index.php/AAAI/article/view/10700,,
170. Trust-Sensitive Evolution of DL-Lite Knowledge Bases,,,https://ojs.aaai.org/index.php/AAAI/article/view/10701,,
171. Query Complexity of Tournament Solutions,,,https://ojs.aaai.org/index.php/AAAI/article/view/10702,,
172. Solving Seven Open Problems of Offline and Online Control in Borda Elections,,,https://ojs.aaai.org/index.php/AAAI/article/view/10703,,
173. Centralized versus Personalized Commitments and Their Influence on Cooperation in Group Interactions,,,https://ojs.aaai.org/index.php/AAAI/article/view/10704,,
174. Nurturing Group-Beneficial Information-Gathering Behaviors Through Above-Threshold Criteria Setting,,,https://ojs.aaai.org/index.php/AAAI/article/view/10705,,
175. Kont- Computing Tradeoffs in Normative Multiagent Systems,,,https://ojs.aaai.org/index.php/AAAI/article/view/10706,,
176. Improving Surveillance Using Cooperative Target Observation,,,https://ojs.aaai.org/index.php/AAAI/article/view/10707,,
177. Collective Multiagent Sequential Decision Making Under Uncertainty,,,https://ojs.aaai.org/index.php/AAAI/article/view/10708,,
178. Decentralized Planning in Stochastic Environments with Submodular Rewards,,,https://ojs.aaai.org/index.php/AAAI/article/view/10709,,
179. Parameterised Verification of Infinite State Multi-Agent Systems via Predicate Abstraction,,,https://ojs.aaai.org/index.php/AAAI/article/view/10710,,
180. Minimal Undefinedness for Fuzzy Answer Sets,,,https://ojs.aaai.org/index.php/AAAI/article/view/11045,,
181. Optimizing Expectation with Guarantees in POMDPs,,,https://ojs.aaai.org/index.php/AAAI/article/view/11046,,
182. Latent Dependency Forest Models,,,https://ojs.aaai.org/index.php/AAAI/article/view/11047,,
183. Solving Constrained Combinatorial Optimisation Problems via MAP Inference without High-Order Penalties,,,https://ojs.aaai.org/index.php/AAAI/article/view/11048,,
184. I See What You See- Inferring Sensor and Policy Models of Human Real-World Motor Behavior,,,https://ojs.aaai.org/index.php/AAAI/article/view/11049,,
185. Reasoning about Cognitive Trust in Stochastic Multiagent Systems,,,https://ojs.aaai.org/index.php/AAAI/article/view/11050,,
186. The Kernel Kalman Rule — Efficient Nonparametric Inference with Recursive Least Squares,,,https://ojs.aaai.org/index.php/AAAI/article/view/11051,,
187. Misspecified Linear Bandits,,,https://ojs.aaai.org/index.php/AAAI/article/view/11052,,
188. Multi-Objective Influence Diagrams with Possibly Optimal Policies,,,https://ojs.aaai.org/index.php/AAAI/article/view/11053,,
189. Deterministic versus Probabilistic Methods for Searching for an Evasive Target,,,https://ojs.aaai.org/index.php/AAAI/article/view/11054,,
190. Anytime Best+Depth-First Search for Bounding Marginal MAP,,,https://ojs.aaai.org/index.php/AAAI/article/view/11055,,
191. Hindsight Optimization for Hybrid State and Action MDPs,,,https://ojs.aaai.org/index.php/AAAI/article/view/11056,,
192. Open-Universe Weighted Model Counting,,,https://ojs.aaai.org/index.php/AAAI/article/view/11057,,
193. Non-Deterministic Planning with Temporally Extended Goals- LTL over Finite and Infinite Traces,,,https://ojs.aaai.org/index.php/AAAI/article/view/11058,,
194. The Linearization of Belief Propagation on Pairwise Markov Random Fields,,,https://ojs.aaai.org/index.php/AAAI/article/view/11059,,
195. Causal Effect Identification by Adjustment under Confounding and Selection Biases,,,https://ojs.aaai.org/index.php/AAAI/article/view/11060,,
196. A Diversified Generative Latent Variable Model for WiFi-SLAM,,,https://ojs.aaai.org/index.php/AAAI/article/view/11038,,
197. Unsupervised Feature Learning for 3D Scene Reconstruction with Occupancy Maps,,,https://ojs.aaai.org/index.php/AAAI/article/view/11039,,
198. Associate Latent Encodings in Learning from Demonstrations,,,https://ojs.aaai.org/index.php/AAAI/article/view/11040,,
199. Deep Learning Quadcopter Control via Risk-Aware Active Learning,,,https://ojs.aaai.org/index.php/AAAI/article/view/11041,,
200. Dynamically Constructed (PO)MDPs for Adaptive Robot Planning,,,https://ojs.aaai.org/index.php/AAAI/article/view/11042,,
201. Latent Dirichlet Allocation for Unsupervised Activity Analysis on an Autonomous Mobile Robot,,,https://ojs.aaai.org/index.php/AAAI/article/view/11043,,
202. Grounded Action Transformation for Robot Learning in Simulation,,,https://ojs.aaai.org/index.php/AAAI/article/view/11044,,
203. Detection and Recognition of Text Embedded in Online Images via Neural Context Models,,,https://ojs.aaai.org/index.php/AAAI/article/view/11189,,
204. Cross-View People Tracking by Scene-Centered Spatio-Temporal Parsing,,,https://ojs.aaai.org/index.php/AAAI/article/view/11190,,
205. Zero-Shot Recognition via Direct Classifier Learning with Transferred Samples and Pseudo Labels,,,https://ojs.aaai.org/index.php/AAAI/article/view/11191,,
206. Efficient Object Instance Search Using Fuzzy Objects Matching,,,https://ojs.aaai.org/index.php/AAAI/article/view/11192,,
207. Weakly-Supervised Deep Nonnegative Low-Rank Model for Social Image Tag Refinement and Assignment,,,https://ojs.aaai.org/index.php/AAAI/article/view/11193,,
208. Online Multi-Target Tracking Using Recurrent Neural Networks,,,https://ojs.aaai.org/index.php/AAAI/article/view/11194,,
209. Non-Rigid Point Set Registration with Robust Transformation Estimation under Manifold Regularization,,,https://ojs.aaai.org/index.php/AAAI/article/view/11195,,
210. TextBoxes- A Fast Text Detector with a Single Deep Neural Network,,,https://ojs.aaai.org/index.php/AAAI/article/view/11196,,
211. Attention Correctness in Neural Image Captioning,,,https://ojs.aaai.org/index.php/AAAI/article/view/11197,,
212. Reference Based LSTM for Image Captioning,,,https://ojs.aaai.org/index.php/AAAI/article/view/11198,,
213. Multi-Path Feedback Recurrent Neural Networks for Scene Parsing,,,https://ojs.aaai.org/index.php/AAAI/article/view/11199,,
214. Learning Patch-Based Dynamic Graph for Visual Tracking,,,https://ojs.aaai.org/index.php/AAAI/article/view/11200,,
215. A Multi-Task Deep Network for Person Re-Identification,,,https://ojs.aaai.org/index.php/AAAI/article/view/11201,,
216. Localizing by Describing- Attribute-Guided Attention Localization for Fine-Grained Recognition,,,https://ojs.aaai.org/index.php/AAAI/article/view/11202,,
217. Image Cosegmentation via Saliency-Guided Constrained Clustering with Cosine Similarity,,,https://ojs.aaai.org/index.php/AAAI/article/view/11203,,
218. Boosting Complementary Hash Tables for Fast Nearest Neighbor Search,,,https://ojs.aaai.org/index.php/AAAI/article/view/11204,,
219. Visual Object Tracking for Unmanned Aerial Vehicles- A Benchmark and New Motion Models,,,https://ojs.aaai.org/index.php/AAAI/article/view/11205,,
220. Face Hallucination with Tiny Unaligned Images by Transformative Discriminative Neural Networks,,,https://ojs.aaai.org/index.php/AAAI/article/view/11206,,
221. Robust Visual Tracking via Local-Global Correlation Filter,,,https://ojs.aaai.org/index.php/AAAI/article/view/11207,,
222. A Multiview-Based Parameter Free Framework for Group Detection,,,https://ojs.aaai.org/index.php/AAAI/article/view/11208,,
223. Quantifying and Detecting Collective Motion by Manifold Learning,,,https://ojs.aaai.org/index.php/AAAI/article/view/11209,,
224. Nonnegative Orthogonal Graph Matching,,,https://ojs.aaai.org/index.php/AAAI/article/view/11210,,
225. Deep Correlated Metric Learning for Sketch-based 3D Shape Retrieval,,,https://ojs.aaai.org/index.php/AAAI/article/view/11211,,
226. An End-to-End Spatio-Temporal Attention Model for Human Action Recognition from Skeleton Data,,,https://ojs.aaai.org/index.php/AAAI/article/view/11212,,
227. Weakly Supervised Semantic Segmentation Using Superpixel Pooling Network,,,https://ojs.aaai.org/index.php/AAAI/article/view/11213,,
228. Sherlock- Scalable Fact Learning in Images,,,https://ojs.aaai.org/index.php/AAAI/article/view/11214,,
229. VINet- Visual-Inertial Odometry as a Sequence-to-Sequence Learning Problem,,,https://ojs.aaai.org/index.php/AAAI/article/view/11215,,
230. Regularized Diffusion Process for Visual Retrieval,,,https://ojs.aaai.org/index.php/AAAI/article/view/11216,,
231. Fully Convolutional Neural Networks with Full-Scale-Features for Semantic Segmentation,,,https://ojs.aaai.org/index.php/AAAI/article/view/11217,,
232. Collective Deep Quantization for Efficient Cross-Modal Retrieval,,,https://ojs.aaai.org/index.php/AAAI/article/view/11218,,
233. Closing the Loop for Edge Detection and Object Proposals,,,https://ojs.aaai.org/index.php/AAAI/article/view/11219,,
234. Robust MIL-Based Feature Template Learning for Object Tracking,,,https://ojs.aaai.org/index.php/AAAI/article/view/11220,,
235. Learning Heterogeneous Dictionary Pair with Feature Projection Matrix for Pedestrian Video Retrieval via Single Query Image,,,https://ojs.aaai.org/index.php/AAAI/article/view/11221,,
236. DECK- Discovering Event Composition Knowledge from Web Images for Zero-Shot Event Detection and Recounting in Videos,,,https://ojs.aaai.org/index.php/AAAI/article/view/11222,,
237. Weakly Supervised Learning of Part Selection Model with Spatial Constraints for Fine-Grained Image Classification,,,https://ojs.aaai.org/index.php/AAAI/article/view/11223,,
238. Unsupervised Learning of Multi-Level Descriptors for Person Re-Identification,,,https://ojs.aaai.org/index.php/AAAI/article/view/11224,,
239. Differentiating Between Posed and Spontaneous Expressions with Latent Regression Bayesian Network,,,https://ojs.aaai.org/index.php/AAAI/article/view/11225,,
240. Depth CNNs for RGB-D Scene Recognition- Learning from Scratch Better than Transferring from RGB-CNNs,,,https://ojs.aaai.org/index.php/AAAI/article/view/11226,,
241. Learning Discriminative Activated Simplices for Action Recognition,,,https://ojs.aaai.org/index.php/AAAI/article/view/11227,,
242. Building an End-to-End Spatial-Temporal Convolutional Network for Video Super-Resolution,,,https://ojs.aaai.org/index.php/AAAI/article/view/11228,,
243. Attributes for Improved Attributes- A Multi-Task Network Utilizing Implicit and Explicit Relationships for Facial Attribute Classification,,,https://ojs.aaai.org/index.php/AAAI/article/view/11229,,
244. An Artificial Agent for Robust Image Registration,,,https://ojs.aaai.org/index.php/AAAI/article/view/11230,,
"245. Inception-v4, Inception-ResNet and the Impact of Residual Connections on Learning",,,https://ojs.aaai.org/index.php/AAAI/article/view/11231,,
246. Deep Manifold Learning of Symmetric Positive Definite Matrices with Application to Face Recognition,,,https://ojs.aaai.org/index.php/AAAI/article/view/11232,,
247. Privacy-Preserving Human Activity Recognition from Extreme Low Resolution,,,https://ojs.aaai.org/index.php/AAAI/article/view/11233,,
248. Active Video Summarization- Customized Summaries via On-line Interaction with the User,,,https://ojs.aaai.org/index.php/AAAI/article/view/11234,,
249. Leveraging Saccades to Learn Smooth Pursuit- A Self-Organizing Motion Tracking Model Using Restricted Boltzmann Machines,,,https://ojs.aaai.org/index.php/AAAI/article/view/11235,,
250. Image Caption with Global-Local Attention,,,https://ojs.aaai.org/index.php/AAAI/article/view/11236,,
251. Text-Guided Attention Model for Image Captioning,,,https://ojs.aaai.org/index.php/AAAI/article/view/11237,,
252. Leveraging Video Descriptions to Learn Video Question Answering,,,https://ojs.aaai.org/index.php/AAAI/article/view/11238,,
253. Video Captioning with Listwise Supervision,,,https://ojs.aaai.org/index.php/AAAI/article/view/11239,,
254. Title Learning Latent Subevents in Activity Videos Using Temporal Attention Filters,,,https://ojs.aaai.org/index.php/AAAI/article/view/11240,,
255. Video Recovery via Learning Variation and Consistency of Images,,,https://ojs.aaai.org/index.php/AAAI/article/view/11241,,
256. Attention Based LSTM for Target Dependent Sentiment Classification,,,https://ojs.aaai.org/index.php/AAAI/article/view/11061,,
257. Authorship Attribution with Topic Drift Model,,,https://ojs.aaai.org/index.php/AAAI/article/view/11062,,
258. Detecting Review Spammer Groups,,,https://ojs.aaai.org/index.php/AAAI/article/view/11063,,
259. Handwriting Profiling Using Generative Adversarial Networks,,,https://ojs.aaai.org/index.php/AAAI/article/view/11064,,
260. Robust and Efficient Transfer Learning with Hidden Parameter Markov Decision Processes,,,https://ojs.aaai.org/index.php/AAAI/article/view/11065,,
261. A Systematic Practice of Judging the Success of a Robotic Grasp Using Convolutional Neural Network,,,https://ojs.aaai.org/index.php/AAAI/article/view/11066,,
262. Community-Based Question Answering via Contextual Ranking Metric Network Learning,,,https://ojs.aaai.org/index.php/AAAI/article/view/11067,,
263. User Modeling Using LSTM Networks,,,https://ojs.aaai.org/index.php/AAAI/article/view/11068,,
264. Predicting User Roles from Computer Logs Using Recurrent Neural Networks,,,https://ojs.aaai.org/index.php/AAAI/article/view/11069,,
265. A Computational Assessment Model for the Adaptive Level of Rehabilitation Exergames for the Elderly,,,https://ojs.aaai.org/index.php/AAAI/article/view/11070,,
266. Audio Feature Learning with Triplet-Based Embedding Network,,,https://ojs.aaai.org/index.php/AAAI/article/view/11071,,
267. Participatory Art Museum- Collecting and Modeling Crowd Opinions,,,https://ojs.aaai.org/index.php/AAAI/article/view/11072,,
268. Semantic Inference of Bird Songs Using Dynamic Bayesian Networks,,,https://ojs.aaai.org/index.php/AAAI/article/view/11073,,
269. SReN- Shape Regression Network for Comic Storyboard Extraction,,,https://ojs.aaai.org/index.php/AAAI/article/view/11074,,
270. Keyphrase Extraction with Sequential Pattern Mining,,,https://ojs.aaai.org/index.php/AAAI/article/view/11075,,
271. ATSUM- Extracting Attractive Summaries for News Propagation on Microblogs,,,https://ojs.aaai.org/index.php/AAAI/article/view/11076,,
272. Extracting Highly Effective Features for Supervised Learning via Simultaneous Tensor Factorization,,,https://ojs.aaai.org/index.php/AAAI/article/view/11077,,
273. Semantic Interpretation of Social Network Communities,,,https://ojs.aaai.org/index.php/AAAI/article/view/11078,,
274. Chaotic Time Series Prediction Using a Photonic Reservoir Computer with Output Feedback,,,https://ojs.aaai.org/index.php/AAAI/article/view/11079,,
275. Improving Performance of Analogue Readout Layers for Photonic Reservoir Computers with Online Learning,,,https://ojs.aaai.org/index.php/AAAI/article/view/11080,,
276. Coordinating Human and Agent Behavior in Collective-Risk Scenarios,,,https://ojs.aaai.org/index.php/AAAI/article/view/11081,,
277. A Position-Biased PageRank Algorithm for Keyphrase Extraction,,,https://ojs.aaai.org/index.php/AAAI/article/view/11082,,
278. Natural Language Person Retrieval,,,https://ojs.aaai.org/index.php/AAAI/article/view/11083,,
279. Semantic Connection Based Topic Evolution,,,https://ojs.aaai.org/index.php/AAAI/article/view/11084,,
280. Neuron Learning Machine for Representation Learning,,,https://ojs.aaai.org/index.php/AAAI/article/view/11085,,
281. An Advising Framework for Multiagent Reinforcement Learning Systems,,,https://ojs.aaai.org/index.php/AAAI/article/view/11086,,
282. Enhancing the Privacy of Predictors,,,https://ojs.aaai.org/index.php/AAAI/article/view/11087,,
283. High-Resolution Mobile Fingerprint Matching via Deep Joint KNN-Triplet Embedding,,,https://ojs.aaai.org/index.php/AAAI/article/view/11088,,
284. Fast Electrical Demand Optimization Under Real-Time Pricing,,,https://ojs.aaai.org/index.php/AAAI/article/view/11089,,
285. A Deep Learning Approach for Arabic Caption Generation Using Roots-Words,,,https://ojs.aaai.org/index.php/AAAI/article/view/11090,,
286. Policy Reuse in Deep Reinforcement Learning,,,https://ojs.aaai.org/index.php/AAAI/article/view/11091,,
287. Plan Recognition Design,,,https://ojs.aaai.org/index.php/AAAI/article/view/11092,,
288. Improving Greedy Best-First Search by Removing Unintended Search Bias (Extended Abstract),,,https://ojs.aaai.org/index.php/AAAI/article/view/11093,,
289. Preference Elicitation in DCOPs for Scheduling Devices in Smart Buildings,,,https://ojs.aaai.org/index.php/AAAI/article/view/11094,,
290. Redesigning Stochastic Environments for Maximized Utility,,,https://ojs.aaai.org/index.php/AAAI/article/view/11095,,
291. Rethinking the Link Prediction Problem in Signed Social Networks,,,https://ojs.aaai.org/index.php/AAAI/article/view/11096,,
292. Semantic Representation Using Explicit Concept Space Models,,,https://ojs.aaai.org/index.php/AAAI/article/view/11097,,
293. Auto-Annotation of 3D Objects via ImageNet,,,https://ojs.aaai.org/index.php/AAAI/article/view/11098,,
294. Cross-Domain Sentiment Classification via Topic-Related TrAdaBoost,,,https://ojs.aaai.org/index.php/AAAI/article/view/11099,,
295. A Sampling Based Approach for Proactive Project Scheduling with Time-Dependent Duration Uncertainty,,,https://ojs.aaai.org/index.php/AAAI/article/view/11100,,
296. Cycle-Based Singleton Local Consistencies,,,https://ojs.aaai.org/index.php/AAAI/article/view/11101,,
297. Kernelized Evolutionary Distance Metric Learning for Semi-Supervised Clustering,,,https://ojs.aaai.org/index.php/AAAI/article/view/11102,,
298. Learning Options in Multiobjective Reinforcement Learning,,,https://ojs.aaai.org/index.php/AAAI/article/view/11103,,
299. SEAPoT-RL- Selective Exploration Algorithm for Policy Transfer in RL,,,https://ojs.aaai.org/index.php/AAAI/article/view/11104,,
300. Towards User Personality Profiling from Multiple Social Networks,,,https://ojs.aaai.org/index.php/AAAI/article/view/11105,,
301. Android Malware Detection with Weak Ground Truth Data,,,https://ojs.aaai.org/index.php/AAAI/article/view/11106,,
302. Robust Stable Marriage,,,https://ojs.aaai.org/index.php/AAAI/article/view/11107,,
303. Hybridizing Interval Temporal Logics- The First Step,,,https://ojs.aaai.org/index.php/AAAI/article/view/11108,,
304. Evolutionary Machine Learning for RTS Game StarCraft,,,https://ojs.aaai.org/index.php/AAAI/article/view/11109,,
305. Predicting Mortality of Intensive Care Patients via Learning about Hazard,,,https://ojs.aaai.org/index.php/AAAI/article/view/11110,,
306. Discovering Conversational Dependencies between Messages in Dialogs,,,https://ojs.aaai.org/index.php/AAAI/article/view/11111,,
307. Multimodal Fusion of EEG and Musical Features in Music-Emotion Recognition,,,https://ojs.aaai.org/index.php/AAAI/article/view/11112,,
308. Coalition Structure Generation Utilizing Graphical Representation of Partition Function Games,,,https://ojs.aaai.org/index.php/AAAI/article/view/11113,,
309. Boosting for Real-Time Multivariate Time Series Classification,,,https://ojs.aaai.org/index.php/AAAI/article/view/11114,,
310. A Finite Memory Automaton for Two-Armed Bernoulli Bandit Problems,,,https://ojs.aaai.org/index.php/AAAI/article/view/11115,,
311. Frame-Based Ontology Alignment,,,https://ojs.aaai.org/index.php/AAAI/article/view/11116,,
312. Automatically Extracting Axioms in Classical Planning,,,https://ojs.aaai.org/index.php/AAAI/article/view/11117,,
313. Learning to Avoid Dominated Action Sequences in Planning for Black-Box Domains,,,https://ojs.aaai.org/index.php/AAAI/article/view/11118,,
314. Wikitop- Using Wikipedia Category Network to Generate Topic Trees,,,https://ojs.aaai.org/index.php/AAAI/article/view/11119,,
315. Extreme Gradient Boosting and Behavioral Biometrics,,,https://ojs.aaai.org/index.php/AAAI/article/view/11120,,
316. PAG2ADMG- A Novel Methodology to Enumerate Causal Graph Structures,,,https://ojs.aaai.org/index.php/AAAI/article/view/11121,,
317. The Complexity of Succinct Elections,,,https://ojs.aaai.org/index.php/AAAI/article/view/11122,,
318. Bootstrapping with Models- Confidence Intervals for Off-Policy Evaluation,,,https://ojs.aaai.org/index.php/AAAI/article/view/11123,,
319. Grounded Action Transformation for Robot Learning in Simulation,,,https://ojs.aaai.org/index.php/AAAI/article/view/11124,,
320. An Integrated Model for Effective Saliency Prediction,,,https://ojs.aaai.org/index.php/AAAI/article/view/10514,,
321. Associative Memory Using Dictionary Learning and Expander Decoding,,,https://ojs.aaai.org/index.php/AAAI/article/view/10515,,
322. Predicting Latent Narrative Mood Using Audio and Physiologic Data,,,https://ojs.aaai.org/index.php/AAAI/article/view/10625,,
323. Examples-Rules Guided Deep Neural Network for Makeup Recommendation,,,https://ojs.aaai.org/index.php/AAAI/article/view/10626,,
324. Collaborative Planning with Encoding of Users High-Level Strategies,,,https://ojs.aaai.org/index.php/AAAI/article/view/10627,,
325. Universum Prescription- Regularization Using Unlabeled Data,,,https://ojs.aaai.org/index.php/AAAI/article/view/10768,,
326. Learning Deep Latent Space for Multi-Label Classification,,,https://ojs.aaai.org/index.php/AAAI/article/view/10769,,
327. Cost-Sensitive Feature Selection via F-Measure Optimization Reduction,,,https://ojs.aaai.org/index.php/AAAI/article/view/10770,,
328. Infinite Kernel Learning- Generalization Bounds and Algorithms,,,https://ojs.aaai.org/index.php/AAAI/article/view/10771,,
329. A Generalized Stochastic Variational Bayesian Hyperparameter Learning Framework for Sparse Spectrum Gaussian Process Regression,,,https://ojs.aaai.org/index.php/AAAI/article/view/10772,,
330. Sparse Boltzmann Machines with Structure Learning as Applied to Text Analysis,,,https://ojs.aaai.org/index.php/AAAI/article/view/10773,,
331. Exploring Commonality and Individuality for Multi-Modal Curriculum Learning,,,https://ojs.aaai.org/index.php/AAAI/article/view/10774,,
332. Confidence-Rated Discriminative Partial Label Learning,,,https://ojs.aaai.org/index.php/AAAI/article/view/10775,,
333. Low-Rank Tensor Completion with Total Variation for Visual Data Inpainting,,,https://ojs.aaai.org/index.php/AAAI/article/view/10776,,
334. Denoising Criterion for Variational Auto-Encoding Framework,,,https://ojs.aaai.org/index.php/AAAI/article/view/10777,,
335. Unbiased Multivariate Correlation Analysis,,,https://ojs.aaai.org/index.php/AAAI/article/view/10778,,
336. Structured Inference Networks for Nonlinear State Space Models,,,https://ojs.aaai.org/index.php/AAAI/article/view/10779,,
337. One-Step Spectral Clustering via Dynamically Learning Affinity Matrix and Subspace,,,https://ojs.aaai.org/index.php/AAAI/article/view/10780,,
338. Parametric Dual Maximization for Non-Convex Learning Problems,,,https://ojs.aaai.org/index.php/AAAI/article/view/10781,,
339. Sparse Subspace Clustering by Learning Approximation ℓ0 Codes,,,https://ojs.aaai.org/index.php/AAAI/article/view/10782,,
340. Near-Optimal Active Learning of Halfspaces via Query Synthesis in the Noisy Setting,,,https://ojs.aaai.org/index.php/AAAI/article/view/10783,,
341. Generalization Analysis for Ranking Using Integral Operator,,,https://ojs.aaai.org/index.php/AAAI/article/view/10784,,
342. Improving Efficiency of SVM k-Fold Cross-Validation by Alpha Seeding,,,https://ojs.aaai.org/index.php/AAAI/article/view/10785,,
343. Learning Invariant Deep Representation for NIR-VIS Face Recognition,,,https://ojs.aaai.org/index.php/AAAI/article/view/10786,,
344. Regularization for Unsupervised Deep Neural Nets,,,https://ojs.aaai.org/index.php/AAAI/article/view/10787,,
345. Convex Co-Embedding for Matrix Completion with Predictive Side Information,,,https://ojs.aaai.org/index.php/AAAI/article/view/10788,,
346. Structure Regularized Unsupervised Discriminant Feature Analysis,,,https://ojs.aaai.org/index.php/AAAI/article/view/10789,,
347. Beyond RPCA- Flattening Complex Noise in the Frequency Domain,,,https://ojs.aaai.org/index.php/AAAI/article/view/10790,,
348. Spectral Clustering with Brainstorming Process for Multi-View Data,,,https://ojs.aaai.org/index.php/AAAI/article/view/10791,,
349. Latent Smooth Skeleton Embedding,,,https://ojs.aaai.org/index.php/AAAI/article/view/10792,,
350. Enumerate Lasso Solutions for Feature Selection,,,https://ojs.aaai.org/index.php/AAAI/article/view/10793,,
351. Rank Ordering Constraints Elimination with Application for Kernel Learning,,,https://ojs.aaai.org/index.php/AAAI/article/view/10794,,
352. An Exact Penalty Method for Binary Optimization Based on MPEC Formulation,,,https://ojs.aaai.org/index.php/AAAI/article/view/10795,,
353. Transfer Reinforcement Learning with Shared Dynamics,,,https://ojs.aaai.org/index.php/AAAI/article/view/10796,,
354. Unimodal Thompson Sampling for Graph-Structured Arms,,,https://ojs.aaai.org/index.php/AAAI/article/view/10797,,
355. Two-Dimensional PCA with F-Norm Minimization,,,https://ojs.aaai.org/index.php/AAAI/article/view/10798,,
356. Classification with Minimax Distance Measures,,,https://ojs.aaai.org/index.php/AAAI/article/view/10799,,
357. Informative Subspace Learning for Counterfactual Inference,,,https://ojs.aaai.org/index.php/AAAI/article/view/10800,,
358. Sparse Deep Transfer Learning for Convolutional Neural Network,,,https://ojs.aaai.org/index.php/AAAI/article/view/10801,,
359. PAC Identification of a Bandit Arm Relative to a Reward Quantile,,,https://ojs.aaai.org/index.php/AAAI/article/view/10802,,
360. Efficient Online Model Adaptation by Incremental Simplex Tableau,,,https://ojs.aaai.org/index.php/AAAI/article/view/10803,,
361. SeqGAN- Sequence Generative Adversarial Nets with Policy Gradient,,,https://ojs.aaai.org/index.php/AAAI/article/view/10804,,
362. Relational Deep Learning- A Deep Latent Variable Model for Link Prediction,,,https://ojs.aaai.org/index.php/AAAI/article/view/10805,,
363. Nonlinear Dynamic Boltzmann Machines for Time-Series Prediction,,,https://ojs.aaai.org/index.php/AAAI/article/view/10806,,
364. Tunable Sensitivity to Large Errors in Neural Network Training,,,https://ojs.aaai.org/index.php/AAAI/article/view/10807,,
365. Querying Partially Labelled Data to Improve a K-nn Classifier,,,https://ojs.aaai.org/index.php/AAAI/article/view/10808,,
366. Self-Paced Learning- An Implicit Regularization Perspective,,,https://ojs.aaai.org/index.php/AAAI/article/view/10809,,
367. OFFER- Off-Environment Reinforcement Learning,,,https://ojs.aaai.org/index.php/AAAI/article/view/10810,,
368. Feature Selection Guided Auto-Encoder,,,https://ojs.aaai.org/index.php/AAAI/article/view/10811,,
369. Inductive Pairwise Ranking- Going Beyond the n log(n) Barrier,,,https://ojs.aaai.org/index.php/AAAI/article/view/10812,,
370. Top-k Hierarchical Classification,,,https://ojs.aaai.org/index.php/AAAI/article/view/10813,,
371. Unsupervised Large Graph Embedding,,,https://ojs.aaai.org/index.php/AAAI/article/view/10814,,
372. Unsupervised Learning with Truncated Gaussian Graphical Models,,,https://ojs.aaai.org/index.php/AAAI/article/view/10815,,
373. Riemannian Submanifold Tracking on Low-Rank Algebraic Variety,,,https://ojs.aaai.org/index.php/AAAI/article/view/10816,,
374. Bilinear Probabilistic Canonical Correlation Analysis via Hybrid Concatenations,,,https://ojs.aaai.org/index.php/AAAI/article/view/10817,,
375. Fredholm Multiple Kernel Learning for Semi-Supervised Domain Adaptation,,,https://ojs.aaai.org/index.php/AAAI/article/view/10818,,
376. MPGL- An Efficient Matching Pursuit Method for Generalized LASSO,,,https://ojs.aaai.org/index.php/AAAI/article/view/10819,,
377. Learning Sparse Task Relations in Multi-Task Learning,,,https://ojs.aaai.org/index.php/AAAI/article/view/10820,,
378. Identifying Unknown Unknowns in the Open World- Representations and Policies for Guided Exploration,,,https://ojs.aaai.org/index.php/AAAI/article/view/10821,,
379. Semi-Supervised Adaptive Label Distribution Learning for Facial Age Estimation,,,https://ojs.aaai.org/index.php/AAAI/article/view/10822,,
380. Multi-View Correlated Feature Learning by Uncovering Shared Component,,,https://ojs.aaai.org/index.php/AAAI/article/view/10823,,
381. Cascade Subspace Clustering,,,https://ojs.aaai.org/index.php/AAAI/article/view/10824,,
382. Random Features for Shift-Invariant Kernels with Moment Matching,,,https://ojs.aaai.org/index.php/AAAI/article/view/10825,,
383. Distant Domain Transfer Learning,,,https://ojs.aaai.org/index.php/AAAI/article/view/10826,,
384. Playing FPS Games with Deep Reinforcement Learning,,,https://ojs.aaai.org/index.php/AAAI/article/view/10827,,
385. Cross-Domain Ranking via Latent Space Learning,,,https://ojs.aaai.org/index.php/AAAI/article/view/10828,,
386. Accelerated Gradient Temporal Difference Learning,,,https://ojs.aaai.org/index.php/AAAI/article/view/10829,,
387. Learning Non-Linear Dynamics of Decision Boundaries for Maintaining Classification Performance,,,https://ojs.aaai.org/index.php/AAAI/article/view/10830,,
388. Asymmetric Discrete Graph Hashing,,,https://ojs.aaai.org/index.php/AAAI/article/view/10831,,
389. Probabilistic Non-Negative Matrix Factorization and Its Robust Extensions for Topic Modeling,,,https://ojs.aaai.org/index.php/AAAI/article/view/10832,,
390. A General Framework for Sparsity Regularized Feature Selection via Iteratively Reweighted Least Square Minimization,,,https://ojs.aaai.org/index.php/AAAI/article/view/10833,,
391. Generalized Ambiguity Decompositions for Classification with Applications in Active Learning and Unsupervised Ensemble Pruning,,,https://ojs.aaai.org/index.php/AAAI/article/view/10834,,
392. On Learning High Dimensional Structured Single Index Models,,,https://ojs.aaai.org/index.php/AAAI/article/view/10835,,
393. A Nearly-Black-Box Online Algorithm for Joint Parameter and State Estimation in Temporal Models,,,https://ojs.aaai.org/index.php/AAAI/article/view/10836,,
394. A Framework of Online Learning with Imbalanced Streaming Data,,,https://ojs.aaai.org/index.php/AAAI/article/view/10837,,
395. Discover Multiple Novel Labels in Multi-Instance Multi-Label Learning,,,https://ojs.aaai.org/index.php/AAAI/article/view/10838,,
396. Matching Node Embeddings for Graph Similarity,,,https://ojs.aaai.org/index.php/AAAI/article/view/10839,,
397. Multi-Kernel Low-Rank Dictionary Pair Learning for Multiple Features Based Image Classification,,,https://ojs.aaai.org/index.php/AAAI/article/view/10840,,
398. Lifted Inference for Convex Quadratic Programs,,,https://ojs.aaai.org/index.php/AAAI/article/view/10841,,
399. Streaming Classification with Emerging New Class by Class Matrix Sketching,,,https://ojs.aaai.org/index.php/AAAI/article/view/10842,,
400. Accelerated Variance Reduced Stochastic ADMM,,,https://ojs.aaai.org/index.php/AAAI/article/view/10843,,
401. Poisson Sum-Product Networks- A Deep Architecture for Tractable Multivariate Poisson Distributions,,,https://ojs.aaai.org/index.php/AAAI/article/view/10844,,
402. Efficient Non-Oblivious Randomized Reduction for Risk Minimization with Improved Excess Risk Guarantee,,,https://ojs.aaai.org/index.php/AAAI/article/view/10845,,
403. Multivariate Hawkes Processes for Large-Scale Inference,,,https://ojs.aaai.org/index.php/AAAI/article/view/10846,,
404. Self-Paced Multi-Task Learning,,,https://ojs.aaai.org/index.php/AAAI/article/view/10847,,
405. Fast Generalized Distillation for Semi-Supervised Domain Adaptation,,,https://ojs.aaai.org/index.php/AAAI/article/view/10848,,
406. Sampling Beats Fixed Estimate Predictors for Cloning Stochastic Behavior in Multiagent Systems,,,https://ojs.aaai.org/index.php/AAAI/article/view/10849,,
407. Self-Correcting Models for Model-Based Reinforcement Learning,,,https://ojs.aaai.org/index.php/AAAI/article/view/10850,,
408. Column Networks for Collective Classification,,,https://ojs.aaai.org/index.php/AAAI/article/view/10851,,
409. Compressed K-Means for Large-Scale Clustering,,,https://ojs.aaai.org/index.php/AAAI/article/view/10852,,
410. Twin Learning for Similarity and Clustering- A Unified Kernel Approach,,,https://ojs.aaai.org/index.php/AAAI/article/view/10853,,
411. Tsallis Regularized Optimal Transport and Ecological Inference,,,https://ojs.aaai.org/index.php/AAAI/article/view/10854,,
412. Deep Learning for Fixed Model Reuse,,,https://ojs.aaai.org/index.php/AAAI/article/view/10855,,
413. Learning Safe Prediction for Semi-Supervised Regression,,,https://ojs.aaai.org/index.php/AAAI/article/view/10856,,
414. Query-Efficient Imitation Learning for End-to-End Simulated Driving,,,https://ojs.aaai.org/index.php/AAAI/article/view/10857,,
415. Deep Hashing- A Joint Approach for Image Signature Learning,,,https://ojs.aaai.org/index.php/AAAI/article/view/10858,,
416. Online Active Linear Regression via Thresholding,,,https://ojs.aaai.org/index.php/AAAI/article/view/10859,,
417. Bilateral k-Means Algorithm for Fast Co-Clustering,,,https://ojs.aaai.org/index.php/AAAI/article/view/10860,,
418. Parameter Free Large Margin Nearest Neighbor for Distance Metric Learning,,,https://ojs.aaai.org/index.php/AAAI/article/view/10861,,
419. How to Train a Compact Binary Neural Network with High Accuracy-,,,https://ojs.aaai.org/index.php/AAAI/article/view/10862,,
420. A Unified Algorithm for One-Cass Structured Matrix Factorization with Side Information,,,https://ojs.aaai.org/index.php/AAAI/article/view/10863,,
421. TaGiTeD- Predictive Task Guided Tensor Decomposition for Representation Learning from Electronic Health Records,,,https://ojs.aaai.org/index.php/AAAI/article/view/10864,,
422. Active Search for Sparse Signals with Region Sensing,,,https://ojs.aaai.org/index.php/AAAI/article/view/10865,,
423. A Riemannian Network for SPD Matrix Learning,,,https://ojs.aaai.org/index.php/AAAI/article/view/10866,,
424. Multi-View Clustering via Deep Matrix Factorization,,,https://ojs.aaai.org/index.php/AAAI/article/view/10867,,
425. Deep Collective Inference,,,https://ojs.aaai.org/index.php/AAAI/article/view/10868,,
426. Low-Rank Factorization of Determinantal Point Processes,,,https://ojs.aaai.org/index.php/AAAI/article/view/10869,,
427. From Shared Subspaces to Shared Landmarks- A Robust Multi-Source Classification Approach,,,https://ojs.aaai.org/index.php/AAAI/article/view/10870,,
428. Multilinear Regression for Embedded Feature Selection with Application to fMRI Analysis,,,https://ojs.aaai.org/index.php/AAAI/article/view/10871,,
429. Patch Reordering- A NovelWay to Achieve Rotation and Translation Invariance in Convolutional Neural Networks,,,https://ojs.aaai.org/index.php/AAAI/article/view/10872,,
430. Adaptive Proximal Average Approximation for Composite Convex Minimization,,,https://ojs.aaai.org/index.php/AAAI/article/view/10873,,
431. Fast Online Incremental Learning on Mixture Streaming Data,,,https://ojs.aaai.org/index.php/AAAI/article/view/10874,,
432. Large Graph Hashing with Spectral Rotation,,,https://ojs.aaai.org/index.php/AAAI/article/view/10875,,
433. Fast Compressive Phase Retrieval under Bounded Noise,,,https://ojs.aaai.org/index.php/AAAI/article/view/10876,,
434. Balanced Clustering with Least Square Regression,,,https://ojs.aaai.org/index.php/AAAI/article/view/10877,,
435. Scalable Graph Embedding for Asymmetric Proximity,,,https://ojs.aaai.org/index.php/AAAI/article/view/10878,,
436. Latent Discriminant Analysis with Representative Feature Discovery,,,https://ojs.aaai.org/index.php/AAAI/article/view/10879,,
437. A General Efficient Hyperparameter-Free Algorithm for Convolutional Sparse Learning,,,https://ojs.aaai.org/index.php/AAAI/article/view/10880,,
438. Infinitely Many-Armed Bandits with Budget Constraints,,,https://ojs.aaai.org/index.php/AAAI/article/view/10881,,
439. Binary Embedding with Additive Homogeneous Kernels,,,https://ojs.aaai.org/index.php/AAAI/article/view/10882,,
440. Learning Bayesian Networks with Incomplete Data by Augmentation,,,https://ojs.aaai.org/index.php/AAAI/article/view/10883,,
441. The Bernstein Mechanism- Function Release under Differential Privacy,,,https://ojs.aaai.org/index.php/AAAI/article/view/10884,,
442. Variable Kernel Density Estimation in High-Dimensional Feature Spaces,,,https://ojs.aaai.org/index.php/AAAI/article/view/10885,,
443. Efficient Sparse Low-Rank Tensor Completion Using the Frank-Wolfe Algorithm,,,https://ojs.aaai.org/index.php/AAAI/article/view/10886,,
444. Estimating the Maximum Expected Value in Continuous Reinforcement Learning Problems,,,https://ojs.aaai.org/index.php/AAAI/article/view/10887,,
445. CBRAP- Contextual Bandits with RAndom Projection,,,https://ojs.aaai.org/index.php/AAAI/article/view/10888,,
446. Solving Indefinite Kernel Support Vector Machine with Difference of Convex Functions Programming,,,https://ojs.aaai.org/index.php/AAAI/article/view/10889,,
447. Deep MIML Network,,,https://ojs.aaai.org/index.php/AAAI/article/view/10890,,
448. Learning Residual Alternating Automata,,,https://ojs.aaai.org/index.php/AAAI/article/view/10891,,
449. Heavy-Tailed Analogues of the Covariance Matrix for ICA,,,https://ojs.aaai.org/index.php/AAAI/article/view/10892,,
450. Multiple Kernel k-Means with Incomplete Kernels,,,https://ojs.aaai.org/index.php/AAAI/article/view/10893,,
451. Robust Loss Functions under Label Noise for Deep Neural Networks,,,https://ojs.aaai.org/index.php/AAAI/article/view/10894,,
452. Optimal Neighborhood Kernel Clustering with Multiple Kernels,,,https://ojs.aaai.org/index.php/AAAI/article/view/10895,,
453. Achieving Privacy in the Adversarial Multi-Armed Bandit,,,https://ojs.aaai.org/index.php/AAAI/article/view/10896,,
454. Thompson Sampling for Stochastic Bandits with Graph Feedback,,,https://ojs.aaai.org/index.php/AAAI/article/view/10897,,
455. Unsupervised Domain Adaptation with a Relaxed Covariate Shift Assumption,,,https://ojs.aaai.org/index.php/AAAI/article/view/10898,,
456. Continuous Conditional Dependency Network for Structured Regression,,,https://ojs.aaai.org/index.php/AAAI/article/view/10899,,
457. A Two-Stage Approach for Learning a Sparse Model with Sharp Excess Risk Analysis,,,https://ojs.aaai.org/index.php/AAAI/article/view/10900,,
458. Cross-Domain Kernel Induction for Transfer Learning,,,https://ojs.aaai.org/index.php/AAAI/article/view/10901,,
459. Alternating Back-Propagation for Generator Network,,,https://ojs.aaai.org/index.php/AAAI/article/view/10902,,
460. Modeling Skewed Class Distributions by Reshaping the Concept Space,,,https://ojs.aaai.org/index.php/AAAI/article/view/10903,,
461. Transfer Learning for Deep Learning on Graph-Structured Data,,,https://ojs.aaai.org/index.php/AAAI/article/view/10904,,
462. A General Clustering Agreement Index- For Comparing Disjoint and Overlapping Clusters,,,https://ojs.aaai.org/index.php/AAAI/article/view/10905,,
463. Ordinal Constrained Binary Code Learning for Nearest Neighbor Search,,,https://ojs.aaai.org/index.php/AAAI/article/view/10906,,
464. Label Efficient Learning by Exploiting Multi-Class Output Codes,,,https://ojs.aaai.org/index.php/AAAI/article/view/10907,,
465. Addressing Imbalance in Multi-Label Classification Using Structured Hellinger Forests,,,https://ojs.aaai.org/index.php/AAAI/article/view/10908,,
466. Multi-View Clustering and Semi-Supervised Classification with Adaptive Neighbours,,,https://ojs.aaai.org/index.php/AAAI/article/view/10909,,
467. Asynchronous Stochastic Proximal Optimization Algorithms with Variance Reduction,,,https://ojs.aaai.org/index.php/AAAI/article/view/10910,,
468. Policy Search with High-Dimensional Context Variables,,,https://ojs.aaai.org/index.php/AAAI/article/view/10911,,
469. Communication Lower Bounds for Distributed Convex Optimization- Partition Data on Features,,,https://ojs.aaai.org/index.php/AAAI/article/view/10912,,
470. When and Why Are Deep Networks Better Than Shallow Ones-,,,https://ojs.aaai.org/index.php/AAAI/article/view/10913,,
471. Scalable Algorithm for Higher-Order Co-Clustering via Random Sampling,,,https://ojs.aaai.org/index.php/AAAI/article/view/10914,,
472. Approximate Conditional Gradient Descent on Multi-Class Classification,,,https://ojs.aaai.org/index.php/AAAI/article/view/10915,,
473. The Option-Critic Architecture,,,https://ojs.aaai.org/index.php/AAAI/article/view/10916,,
474. Resource Constrained Structured Prediction,,,https://ojs.aaai.org/index.php/AAAI/article/view/10917,,
475. Dynamic Action Repetition for Deep Reinforcement Learning,,,https://ojs.aaai.org/index.php/AAAI/article/view/10918,,
476. Generalization Error Bounds for Optimization Algorithms via Stability,,,https://ojs.aaai.org/index.php/AAAI/article/view/10919,,
477. SCOPE- Scalable Composite Optimization for Learning on Spark,,,https://ojs.aaai.org/index.php/AAAI/article/view/10920,,
478. Lock-Free Optimization for Non-Convex Problems,,,https://ojs.aaai.org/index.php/AAAI/article/view/10921,,
479. Weighted Bandits or- How Bandits Learn Distorted Values That Are Not Expected,,,https://ojs.aaai.org/index.php/AAAI/article/view/10922,,
480. Selecting Sequences of Items via Submodular Maximization,,,https://ojs.aaai.org/index.php/AAAI/article/view/10923,,
481. Growing Interpretable Part Graphs on ConvNets via Multi-Shot Learning,,,https://ojs.aaai.org/index.php/AAAI/article/view/10924,,
482. Non-Negative Inductive Matrix Completion for Discrete Dyadic Data,,,https://ojs.aaai.org/index.php/AAAI/article/view/10925,,
483. Scalable Feature Selection via Distributed Diversity Maximization,,,https://ojs.aaai.org/index.php/AAAI/article/view/10926,,
484. Sequential Classification-Based Optimization for Direct Policy Search,,,https://ojs.aaai.org/index.php/AAAI/article/view/10927,,
485. Learning Unitary Operators with Help From u(n),,,https://ojs.aaai.org/index.php/AAAI/article/view/10928,,
486. Coactive Critiquing- Elicitation of Preferences and Features,,,https://ojs.aaai.org/index.php/AAAI/article/view/10929,,
487. Active Search in Intensionally Specified Structured Spaces,,,https://ojs.aaai.org/index.php/AAAI/article/view/10930,,
488. Distributed Negative Sampling for Word Embeddings,,,https://ojs.aaai.org/index.php/AAAI/article/view/10931,,
489. Importance Sampling with Unequal Support,,,https://ojs.aaai.org/index.php/AAAI/article/view/10932,,
490. Automatic Curriculum Graph Generation for Reinforcement Learning Agents,,,https://ojs.aaai.org/index.php/AAAI/article/view/10933,,
491. Label-Free Supervision of Neural Networks with Physics and Domain Knowledge,,,https://ojs.aaai.org/index.php/AAAI/article/view/10934,,
492. Cleaning the Null Space- A Privacy Mechanism for Predictors,,,https://ojs.aaai.org/index.php/AAAI/article/view/10935,,
493. Factorization Bandits for Interactive Recommendation,,,https://ojs.aaai.org/index.php/AAAI/article/view/10936,,
494. Recovering True Classifier Performance in Positive-Unlabeled Learning,,,https://ojs.aaai.org/index.php/AAAI/article/view/10937,,
495. Robust Partially-Compressed Least-Squares,,,https://ojs.aaai.org/index.php/AAAI/article/view/10938,,
496. Efficient Ordered Combinatorial Semi-Bandits for Whole-Page Recommendation,,,https://ojs.aaai.org/index.php/AAAI/article/view/10939,,
497. Asynchronous Mini-Batch Gradient Descent with Variance Reduction for Non-Convex Optimization,,,https://ojs.aaai.org/index.php/AAAI/article/view/10940,,
498. Polynomial Optimization Methods for Matrix Factorization,,,https://ojs.aaai.org/index.php/AAAI/article/view/10941,,
499. Scalable Multitask Policy Gradient Reinforcement Learning,,,https://ojs.aaai.org/index.php/AAAI/article/view/10942,,
500. The Multivariate Generalised von Mises Distribution- Inference and Applications,,,https://ojs.aaai.org/index.php/AAAI/article/view/10943,,
501. Local Centroids Structured Non-Negative Matrix Factorization,,,https://ojs.aaai.org/index.php/AAAI/article/view/10944,,
502. Where to Add Actions in Human-in-the-Loop Reinforcement Learning,,,https://ojs.aaai.org/index.php/AAAI/article/view/10945,,
503. Semi-Supervised Classifications via Elastic and Robust Embedding,,,https://ojs.aaai.org/index.php/AAAI/article/view/10946,,
504. Scalable Optimization of Multivariate Performance Measures in Multi-instance Multi-label Learning,,,https://ojs.aaai.org/index.php/AAAI/article/view/10947,,
505. Multiclass Capped ℓp-Norm SVM for Robust Classifications,,,https://ojs.aaai.org/index.php/AAAI/article/view/10948,,
506. Estimating Uncertainty Online Against an Adversary,,,https://ojs.aaai.org/index.php/AAAI/article/view/10949,,
507. Reactive Versus Anticipative Decision Making in a Novel Gift-Giving Game,,,https://ojs.aaai.org/index.php/AAAI/article/view/11151,,
508. Combining Logical Abduction and Statistical Induction- Discovering Written Primitives with Human Knowledge,,,https://ojs.aaai.org/index.php/AAAI/article/view/11152,,
509. Analogical Chaining with Natural Language Instruction for Commonsense Reasoning,,,https://ojs.aaai.org/index.php/AAAI/article/view/11153,,
510. Towards a Brain Inspired Model of Self-Awareness for Sociable Agents,,,https://ojs.aaai.org/index.php/AAAI/article/view/11154,,
511. Imagined Visual Representations as Multimodal Embeddings,,,https://ojs.aaai.org/index.php/AAAI/article/view/11155,,
512. When Does Bounded-Optimal Metareasoning Favor Few Cognitive Systems-,,,https://ojs.aaai.org/index.php/AAAI/article/view/11156,,
513. Towards Continuous Scientific Data Analysis and Hypothesis Evolution,,,https://ojs.aaai.org/index.php/AAAI/article/view/11157,,
514. Integrating the Cognitive with the Physical- Musical Path Planning for an Improvising Robot,,,https://ojs.aaai.org/index.php/AAAI/article/view/11158,,
515. Scanpath Complexity- Modeling Reading Effort Using Gaze Information,,,https://ojs.aaai.org/index.php/AAAI/article/view/11159,,
516. Identifying Useful Inference Paths in Large Commonsense Knowledge Bases by Retrograde Analysis,,,https://ojs.aaai.org/index.php/AAAI/article/view/11160,,
517. Natural Language Acquisition and Grounding for Embodied Robotic Systems,,,https://ojs.aaai.org/index.php/AAAI/article/view/11161,,
518. Inductive Reasoning about Ontologies Using Conceptual Spaces,,,https://ojs.aaai.org/index.php/AAAI/article/view/11162,,
519. Goal Operations for Cognitive Systems,,,https://ojs.aaai.org/index.php/AAAI/article/view/11163,,
520. ConceptNet 5.5- An Open Multilingual Graph of General Knowledge,,,https://ojs.aaai.org/index.php/AAAI/article/view/11164,,
521. Semantic Proto-Role Labeling,,,https://ojs.aaai.org/index.php/AAAI/article/view/11165,,
522. Flexible Model Induction through Heuristic Process Discovery,,,https://ojs.aaai.org/index.php/AAAI/article/view/11166,,
523. Regularization in Hierarchical Time Series Forecasting with Application to Electricity Smart Meter Data,,,https://ojs.aaai.org/index.php/AAAI/article/view/11167,,
524. Combining Satellite Imagery and Open Data to Map Road Safety,,,https://ojs.aaai.org/index.php/AAAI/article/view/11168,,
525. Three New Algorithms to Solve N-POMDPs,,,https://ojs.aaai.org/index.php/AAAI/article/view/11169,,
526. Maximizing the Probability of Arriving on Time- A Practical Q-Learning Method,,,https://ojs.aaai.org/index.php/AAAI/article/view/11170,,
527. Extracting Urban Microclimates from Electricity Bills,,,https://ojs.aaai.org/index.php/AAAI/article/view/11171,,
528. Deep Gaussian Process for Crop Yield Prediction Based on Remote Sensing Data,,,https://ojs.aaai.org/index.php/AAAI/article/view/11172,,
529. Fast-Tracking Stationary MOMDPs for Adaptive Management Problems,,,https://ojs.aaai.org/index.php/AAAI/article/view/11173,,
530. Fine-Grained Car Detection for Visual Census Estimation,,,https://ojs.aaai.org/index.php/AAAI/article/view/11174,,
531. Dynamic Optimization of Landscape Connectivity Embedding Spatial-Capture-Recapture Information,,,https://ojs.aaai.org/index.php/AAAI/article/view/11175,,
532. Robust Optimization for Tree-Structured Stochastic Network Design,,,https://ojs.aaai.org/index.php/AAAI/article/view/11176,,
533. Species Distribution Modeling of Citizen Science Data as a Classification Problem with Class-Conditional Noise,,,https://ojs.aaai.org/index.php/AAAI/article/view/11177,,
534. Counting-Based Reliability Estimation for Power-Transmission Grids,,,https://ojs.aaai.org/index.php/AAAI/article/view/11178,,
535. Matrix Factorisation for Scalable Energy Breakdown,,,https://ojs.aaai.org/index.php/AAAI/article/view/11179,,
536. Spatial Projection of Multiple Climate Variables Using Hierarchical Multitask Learning,,,https://ojs.aaai.org/index.php/AAAI/article/view/11180,,
537. Healthy Cognitive Aging- A Hybrid Random Vector Functional-Link Model for the Analysis of Alzheimer’s Disease,,,https://ojs.aaai.org/index.php/AAAI/article/view/11181,,
538. Building Task-Oriented Dialogue Systems for Online Shopping,,,https://ojs.aaai.org/index.php/AAAI/article/view/11182,,
539. Learning to Predict Intent from Gaze During Robotic Hand-Eye Coordination,,,https://ojs.aaai.org/index.php/AAAI/article/view/11183,,
540. State Projection via AI Planning,,,https://ojs.aaai.org/index.php/AAAI/article/view/11184,,
541. Mixed Discrete-Continuous Planning with Convex Optimization,,,https://ojs.aaai.org/index.php/AAAI/article/view/11185,,
542. Configuration Planning with Temporal Constraints,,,https://ojs.aaai.org/index.php/AAAI/article/view/11186,,
543. Vision-Language Fusion for Object Recognition,,,https://ojs.aaai.org/index.php/AAAI/article/view/11187,,
544. Integration of Planning with Recognition for Responsive Interaction Using Classical Planners,,,https://ojs.aaai.org/index.php/AAAI/article/view/11188,,
545. Model AI Assignments 2017,,,https://ojs.aaai.org/index.php/AAAI/article/view/10554,,
546. Why Teaching Ethics to AI Practitioners Is Important,,,https://ojs.aaai.org/index.php/AAAI/article/view/11139,,
547. Moral Decision Making Frameworks for Artificial Intelligence,,,https://ojs.aaai.org/index.php/AAAI/article/view/11140,,
548. The AI Rebellion- Changing the Narrative,,,https://ojs.aaai.org/index.php/AAAI/article/view/11141,,
549. Strategic Social Network Analysis,,,https://ojs.aaai.org/index.php/AAAI/article/view/11142,,
550. Getting More Out of the Exposed Structure in Constraint Programming Models of Combinatorial Problems,,,https://ojs.aaai.org/index.php/AAAI/article/view/11143,,
551. Latent Tree Analysis,,,https://ojs.aaai.org/index.php/AAAI/article/view/11144,,
552. Multi-Robot Allocation of Tasks with Temporal and Ordering Constraints,,,https://ojs.aaai.org/index.php/AAAI/article/view/11145,,
553. Incidental Supervision- Moving beyond Supervised Learning,,,https://ojs.aaai.org/index.php/AAAI/article/view/11146,,
554. Explaining Ourselves- Human-Aware Constraint Reasoning,,,https://ojs.aaai.org/index.php/AAAI/article/view/11147,,
555. A Selected Summary of AI for Computational Sustainability,,,https://ojs.aaai.org/index.php/AAAI/article/view/11148,,
556. Machine Learning for Entity Coreference Resolution- A Retrospective Look at Two Decades of Research,,,https://ojs.aaai.org/index.php/AAAI/article/view/11149,,
557. Progress and Challenges in Research on Cognitive Architectures,,,https://ojs.aaai.org/index.php/AAAI/article/view/11150,,
558. Open-Ended Robotics Exploration Projects for Budding Researchers,,,https://ojs.aaai.org/index.php/AAAI/article/view/10545,,
559. Cornhole- A Widely-Accessible AI Robotics Task,,,https://ojs.aaai.org/index.php/AAAI/article/view/10546,,
560. Creating Serious Robots That Improve Society,,,https://ojs.aaai.org/index.php/AAAI/article/view/10547,,
561. A Summer Research Experience in Robotics,,,https://ojs.aaai.org/index.php/AAAI/article/view/10548,,
"562. Dude, Wheres My Robot-- A Localization Challenge for Undergraduate Robotics",,,https://ojs.aaai.org/index.php/AAAI/article/view/10549,,
563. Recovering Concept Prerequisite Relations from University Course Dependencies,,,https://ojs.aaai.org/index.php/AAAI/article/view/10550,,
564. An Image Wherever You Look! Making Vision Just Another Sensor for AI-Robotics Projects,,,https://ojs.aaai.org/index.php/AAAI/article/view/10551,,
"565. ARTY- Fueling Creativity through Art, Robotics and Technology for Youth",,,https://ojs.aaai.org/index.php/AAAI/article/view/10552,,
566. A Monte Carlo Localization Assignment Using a Neato Vacuum with ROS,,,https://ojs.aaai.org/index.php/AAAI/article/view/10553,,
567. Online SPARC for Drawing and Animation,,,https://ojs.aaai.org/index.php/AAAI/article/view/10555,,
568. AI Projects for Computer Science Capstone Classes (Extended Abstract),,,https://ojs.aaai.org/index.php/AAAI/article/view/10556,,
569. Application for AI-OCR Module- Auto Detection of Emails-Letter Images,,,https://ojs.aaai.org/index.php/AAAI/article/view/10557,,
570. Exploring Artificial Intelligence Through Image Recognition,,,https://ojs.aaai.org/index.php/AAAI/article/view/10558,,
571. Sarcasm Suite- A Browser-Based Engine for Sarcasm Detection and Generation,,,https://ojs.aaai.org/index.php/AAAI/article/view/10532,,
572. AniDraw- When Music and Dance Meet Harmoniously,,,https://ojs.aaai.org/index.php/AAAI/article/view/10533,,
573. Arnold- An Autonomous Agent to Play FPS Games,,,https://ojs.aaai.org/index.php/AAAI/article/view/10534,,
574. SenseRun- Real-Time Running Routes Recommendation towards Providing Pleasant Running Experiences,,,https://ojs.aaai.org/index.php/AAAI/article/view/10535,,
575. A Virtual Personal Fashion Consultant- Learning from the Personal Preference of Fashion,,,https://ojs.aaai.org/index.php/AAAI/article/view/10536,,
576. Visual Memory QA- Your Personal Photo and Video Search Agent,,,https://ojs.aaai.org/index.php/AAAI/article/view/10537,,
577. Integrating Verbal and Nonvebval Input into a Dynamic Response Spoken Dialogue System,,,https://ojs.aaai.org/index.php/AAAI/article/view/10538,,
578. From Semantic Models to Cognitive Buildings,,,https://ojs.aaai.org/index.php/AAAI/article/view/10539,,
579. An Event Reconstruction Tool for Conflict Monitoring Using Social Media,,,https://ojs.aaai.org/index.php/AAAI/article/view/10540,,
580. Webly-Supervised Learning of Multimodal Video Detectors,,,https://ojs.aaai.org/index.php/AAAI/article/view/10541,,
581. Natural Language Dialogue for Building and Learning Models and Structures,,,https://ojs.aaai.org/index.php/AAAI/article/view/10542,,
582. Efficient Clinical Concept Extraction in Electronic Medical Records,,,https://ojs.aaai.org/index.php/AAAI/article/view/10543,,
583. Deep Music- Towards Musical Dialogue,,,https://ojs.aaai.org/index.php/AAAI/article/view/10544,,
584. Automated Negotiating Agents Competition (ANAC),,,https://ojs.aaai.org/index.php/AAAI/article/view/10637,,
585. Whats Hot in Constraint Programming,,,https://ojs.aaai.org/index.php/AAAI/article/view/10638,,
586. Whats Hot in Evolutionary Computation,,,https://ojs.aaai.org/index.php/AAAI/article/view/10639,,
587. Whats Hot at CPAIOR (Extended Abstract),,,https://ojs.aaai.org/index.php/AAAI/article/view/10640,,
588. SAT Competition 2016- Recent Developments,,,https://ojs.aaai.org/index.php/AAAI/article/view/10641,,
589. The State of the AIIDE Conference in 2017,,,https://ojs.aaai.org/index.php/AAAI/article/view/10642,,
590. Whats Hot in Case-Based Reasoning,,,https://ojs.aaai.org/index.php/AAAI/article/view/10643,,
591. Personalized Donor-Recipient Matching for Organ Transplantation,,,https://ojs.aaai.org/index.php/AAAI/article/view/10711,,
592. Active Learning with Cross-Class Similarity Transfer,,,https://ojs.aaai.org/index.php/AAAI/article/view/10712,,
593. Progressive Prediction of Student Performance in College Programs,,,https://ojs.aaai.org/index.php/AAAI/article/view/10713,,
594. Robust Manifold Matrix Factorization for Joint Clustering and Feature Extraction,,,https://ojs.aaai.org/index.php/AAAI/article/view/10714,,
595. Learning with Feature Network and Label Network Simultaneously,,,https://ojs.aaai.org/index.php/AAAI/article/view/10715,,
596. Learning Attributes from the Crowdsourced Relative Labels,,,https://ojs.aaai.org/index.php/AAAI/article/view/10716,,
597. Adverse Drug Reaction Prediction with Symbolic Latent Dirichlet Allocation,,,https://ojs.aaai.org/index.php/AAAI/article/view/10717,,
598. Multitask Dyadic Prediction and Its Application in Prediction of Adverse Drug-Drug Interaction,,,https://ojs.aaai.org/index.php/AAAI/article/view/10718,,
599. Pairwise Relationship Guided Deep Hashing for Cross-Modal Retrieval,,,https://ojs.aaai.org/index.php/AAAI/article/view/10719,,
600. Simultaneous Clustering and Ensemble,,,https://ojs.aaai.org/index.php/AAAI/article/view/10720,,
601. ICU Mortality Prediction- A Classification Algorithm for Imbalanced Datasets,,,https://ojs.aaai.org/index.php/AAAI/article/view/10721,,
602. On Predictive Patent Valuation- Forecasting Patent Citations and Their Types,,,https://ojs.aaai.org/index.php/AAAI/article/view/10722,,
603. Unsupervised Deep Learning for Optical Flow Estimation,,,https://ojs.aaai.org/index.php/AAAI/article/view/10723,,
604. Modeling the Intensity Function of Point Process Via Recurrent Neural Networks,,,https://ojs.aaai.org/index.php/AAAI/article/view/10724,,
605. Event Video Mashup- From Hundreds of Videos to Minutes of Skeleton,,,https://ojs.aaai.org/index.php/AAAI/article/view/10725,,
606. Collaborative Dynamic Sparse Topic Regression with User Profile Evolution for Item Recommendation,,,https://ojs.aaai.org/index.php/AAAI/article/view/10726,,
607. Coupling Implicit and Explicit Knowledge for Customer Volume Prediction,,,https://ojs.aaai.org/index.php/AAAI/article/view/10727,,
608. Portfolio Selection via Subset Resampling,,,https://ojs.aaai.org/index.php/AAAI/article/view/10728,,
609. Soft Video Parsing by Label Distribution Learning,,,https://ojs.aaai.org/index.php/AAAI/article/view/10729,,
610. Knowing What to Ask- A Bayesian Active Learning Approach to the Surveying Problem,,,https://ojs.aaai.org/index.php/AAAI/article/view/10730,,
611. FeaBoost- Joint Feature and Label Refinement for Semantic Segmentation,,,https://ojs.aaai.org/index.php/AAAI/article/view/10731,,
612. Multidimensional Scaling on Multiple Input Distance Matrices,,,https://ojs.aaai.org/index.php/AAAI/article/view/10732,,
613. Knowledge Transfer for Deep Reinforcement Learning with Hierarchical Experience Replay,,,https://ojs.aaai.org/index.php/AAAI/article/view/10733,,
614. Neural Programming by Example,,,https://ojs.aaai.org/index.php/AAAI/article/view/10734,,
615. Deep Spatio-Temporal Residual Networks for Citywide Crowd Flows Prediction,,,https://ojs.aaai.org/index.php/AAAI/article/view/10735,,
616. Discriminative Semi-Supervised Dictionary Learning with Entropy Regularization for Pattern Classification,,,https://ojs.aaai.org/index.php/AAAI/article/view/10736,,
617. Additional Multi-Touch Attribution for Online Advertising,,,https://ojs.aaai.org/index.php/AAAI/article/view/10737,,
618. Contextual RNN-GANs for Abstract Reasoning Diagram Generation,,,https://ojs.aaai.org/index.php/AAAI/article/view/10738,,
619. Multiset Feature Learning for Highly Imbalanced Data Classification,,,https://ojs.aaai.org/index.php/AAAI/article/view/10739,,
620. Question Difﬁculty Prediction for READING Problems in Standard Tests,,,https://ojs.aaai.org/index.php/AAAI/article/view/10740,,
621. Semi-Supervised Multi-View Correlation Feature Learning with Application to Webpage Classification,,,https://ojs.aaai.org/index.php/AAAI/article/view/10741,,
622. DeepFix- Fixing Common C Language Errors by Deep Learning,,,https://ojs.aaai.org/index.php/AAAI/article/view/10742,,
623. ERMMA- Expected Risk Minimization for Matrix Approximation-based Recommender Systems,,,https://ojs.aaai.org/index.php/AAAI/article/view/10743,,
624. A Deep Hierarchical Approach to Lifelong Learning in Minecraft,,,https://ojs.aaai.org/index.php/AAAI/article/view/10744,,
625. A Sparse Dictionary Learning Framework to Discover Discriminative Source Activations in EEG Brain Mapping,,,https://ojs.aaai.org/index.php/AAAI/article/view/10745,,
626. Catch’Em All- Locating Multiple Diffusion Sources in Networks with Partial Observations,,,https://ojs.aaai.org/index.php/AAAI/article/view/10746,,
627. A Hybrid Collaborative Filtering Model with Deep Structure for Recommender Systems,,,https://ojs.aaai.org/index.php/AAAI/article/view/10747,,
628. Beyond IID- Learning to Combine Non-IID Metrics for Vision Tasks,,,https://ojs.aaai.org/index.php/AAAI/article/view/10748,,
629. Beyond Monte Carlo Tree Search- Playing Go with Deep Alternative Neural Network and Long-Term Evaluation,,,https://ojs.aaai.org/index.php/AAAI/article/view/10749,,
630. Data-Driven Approximations to NP-Hard Problems,,,https://ojs.aaai.org/index.php/AAAI/article/view/10750,,
631. Collaborative Company Profiling- Insights from an Employees Perspective,,,https://ojs.aaai.org/index.php/AAAI/article/view/10751,,
632. GLOMA- Embedding Global Information in Local Matrix Approximation Models for Collaborative Filtering,,,https://ojs.aaai.org/index.php/AAAI/article/view/10752,,
633. Bridging Video Content and Comments- Synchronized Video Description with Temporal Summarization of Crowdsourced Time-Sync Comments,,,https://ojs.aaai.org/index.php/AAAI/article/view/10753,,
634. Predicting Soccer Highlights from Spatio-Temporal Match Event Streams,,,https://ojs.aaai.org/index.php/AAAI/article/view/10754,,
635. Enabling Dark Energy Science with Deep Generative Models of Galaxy Images,,,https://ojs.aaai.org/index.php/AAAI/article/view/10755,,
636. ESPACE- Accelerating Convolutional Neural Networks via Eliminating Spatial and Channel Redundancy,,,https://ojs.aaai.org/index.php/AAAI/article/view/10756,,
637. Predicting Demographics of High-Resolution Geographies with Geotagged Tweets,,,https://ojs.aaai.org/index.php/AAAI/article/view/10757,,
638. Low-Rank Linear Cold-Start Recommendation from Social Data,,,https://ojs.aaai.org/index.php/AAAI/article/view/10758,,
639. Exploring Normalization in Deep Residual Networks with Concatenated Rectified Linear Units,,,https://ojs.aaai.org/index.php/AAAI/article/view/10759,,
640. Let Your Photos Talk- Generating Narrative Paragraph for Photo Stream via Bidirectional Attention Recurrent Neural Networks,,,https://ojs.aaai.org/index.php/AAAI/article/view/10760,,
641. Fine-Grained Recurrent Neural Networks for Automatic Prostate Segmentation in Ultrasound Images,,,https://ojs.aaai.org/index.php/AAAI/article/view/10761,,
642. Fast Inverse Reinforcement Learning with Interval Consistent Graph for Driving Behavior Prediction,,,https://ojs.aaai.org/index.php/AAAI/article/view/10762,,
643. Finding Cut from the Same Cloth- Cross Network Link Recommendation via Joint Matrix Factorization,,,https://ojs.aaai.org/index.php/AAAI/article/view/10763,,
644. Discrete Personalized Ranking for Fast Collaborative Filtering from Implicit Feedback,,,https://ojs.aaai.org/index.php/AAAI/article/view/10764,,
645. A Framework for Minimal Clustering Modification via Constraint Programming,,,https://ojs.aaai.org/index.php/AAAI/article/view/10765,,
646. Learning Implicit Tasks for Patient-Specific Risk Modeling in ICU,,,https://ojs.aaai.org/index.php/AAAI/article/view/10766,,
647. Explicit Defense Actions Against Test-Set Attacks,,,https://ojs.aaai.org/index.php/AAAI/article/view/10767,,
648. Neural Machine Translation with Reconstruction,,,https://ojs.aaai.org/index.php/AAAI/article/view/10950,,
649. Incorporating Knowledge Graph Embeddings into Topic Modeling,,,https://ojs.aaai.org/index.php/AAAI/article/view/10951,,
650. SSP- Semantic Space Projection for Knowledge Graph Embedding with Text Descriptions,,,https://ojs.aaai.org/index.php/AAAI/article/view/10952,,
651. Distant Supervision for Relation Extraction with Sentence-Level Attention and Entity Descriptions,,,https://ojs.aaai.org/index.php/AAAI/article/view/10953,,
652. Neural Bag-of-Ngrams,,,https://ojs.aaai.org/index.php/AAAI/article/view/10954,,
653. Improving Multi-Document Summarization via Text Classification,,,https://ojs.aaai.org/index.php/AAAI/article/view/10955,,
654. Efficiently Answering Technical Questions — A Knowledge Graph Approach,,,https://ojs.aaai.org/index.php/AAAI/article/view/10956,,
655. Prerequisite Skills for Reading Comprehension- Multi-Perspective Analysis of MCTest Datasets and Systems,,,https://ojs.aaai.org/index.php/AAAI/article/view/10957,,
656. SummaRuNNer- A Recurrent Neural Network Based Sequence Model for Extractive Summarization of Documents,,,https://ojs.aaai.org/index.php/AAAI/article/view/10958,,
657. Unit Dependency Graph and Its Application to Arithmetic Word Problem Solving,,,https://ojs.aaai.org/index.php/AAAI/article/view/10959,,
658. A Context-Enriched Neural Network Method for Recognizing Lexical Entailment,,,https://ojs.aaai.org/index.php/AAAI/article/view/10960,,
659. Coherent Dialogue with Attention-Based Language Models,,,https://ojs.aaai.org/index.php/AAAI/article/view/10961,,
660. Active Discriminative Text Representation Learning,,,https://ojs.aaai.org/index.php/AAAI/article/view/10962,,
661. Distinguish Polarity in Bag-of-Words Visualization,,,https://ojs.aaai.org/index.php/AAAI/article/view/10963,,
662. Condensed Memory Networks for Clinical Diagnostic Inferencing,,,https://ojs.aaai.org/index.php/AAAI/article/view/10964,,
663. Unsupervised Learning for Lexicon-Based Classification,,,https://ojs.aaai.org/index.php/AAAI/article/view/10965,,
664. Variational Autoencoder for Semi-Supervised Text Classification,,,https://ojs.aaai.org/index.php/AAAI/article/view/10966,,
665. Deterministic Attention for Sequence-to-Sequence Constituent Parsing,,,https://ojs.aaai.org/index.php/AAAI/article/view/10967,,
666. Lattice-Based Recurrent Neural Network Encoders for Neural Machine Translation,,,https://ojs.aaai.org/index.php/AAAI/article/view/10968,,
667. BattRAE- Bidimensional Attention-Based Recursive Autoencoders for Learning Bilingual Phrase Embeddings,,,https://ojs.aaai.org/index.php/AAAI/article/view/10969,,
668. Robsut Wrod Reocginiton via Semi-Character Recurrent Neural Network,,,https://ojs.aaai.org/index.php/AAAI/article/view/10970,,
669. Maximum Reconstruction Estimation for Generative Latent-Variable Models,,,https://ojs.aaai.org/index.php/AAAI/article/view/10971,,
670. Recurrent Attentional Topic Model,,,https://ojs.aaai.org/index.php/AAAI/article/view/10972,,
671. Disambiguating Spatial Prepositions Using Deep Convolutional Networks,,,https://ojs.aaai.org/index.php/AAAI/article/view/10973,,
672. Coupled Multi-Layer Attentions for Co-Extraction of Aspect and Opinion Terms,,,https://ojs.aaai.org/index.php/AAAI/article/view/10974,,
673. Neural Machine Translation Advised by Statistical Machine Translation,,,https://ojs.aaai.org/index.php/AAAI/article/view/10975,,
674. Mechanism-Aware Neural Machine for Dialogue Response Generation,,,https://ojs.aaai.org/index.php/AAAI/article/view/10976,,
675. A Unified Model for Cross-Domain and Semi-Supervised Named Entity Recognition in Chinese Social Media,,,https://ojs.aaai.org/index.php/AAAI/article/view/10977,,
676. Translation Prediction with Source Dependency-Based Context Representation,,,https://ojs.aaai.org/index.php/AAAI/article/view/10978,,
677. Joint Copying and Restricted Generation for Paraphrase,,,https://ojs.aaai.org/index.php/AAAI/article/view/10979,,
678. Open-Vocabulary Semantic Parsing with both Distributional Statistics and Formal Knowledge,,,https://ojs.aaai.org/index.php/AAAI/article/view/10980,,
679. Topic Aware Neural Response Generation,,,https://ojs.aaai.org/index.php/AAAI/article/view/10981,,
680. Unsupervised Learning of Evolving Relationships Between Literary Characters,,,https://ojs.aaai.org/index.php/AAAI/article/view/10982,,
681. A Hierarchical Latent Variable Encoder-Decoder Model for Generating Dialogues,,,https://ojs.aaai.org/index.php/AAAI/article/view/10983,,
682. Multiresolution Recurrent Neural Networks- An Application to Dialogue Response Generation,,,https://ojs.aaai.org/index.php/AAAI/article/view/10984,,
683. Learning Context-Specific Word-Character Embeddings,,,https://ojs.aaai.org/index.php/AAAI/article/view/10985,,
684. Incorporating Expert Knowledge into Keyphrase Extraction,,,https://ojs.aaai.org/index.php/AAAI/article/view/10986,,
685. Bayesian Neural Word Embedding,,,https://ojs.aaai.org/index.php/AAAI/article/view/10987,,
686. Bilingual Lexicon Induction from Non-Parallel Data with Minimal Supervision,,,https://ojs.aaai.org/index.php/AAAI/article/view/10988,,
687. S2JSD-LSH- A Locality-Sensitive Hashing Schema for Probability Distributions,,,https://ojs.aaai.org/index.php/AAAI/article/view/10989,,
688. Geometry of Compositionality,,,https://ojs.aaai.org/index.php/AAAI/article/view/10990,,
689. Dual-Clustering Maximum Entropy with Application to Classification and Word Embedding,,,https://ojs.aaai.org/index.php/AAAI/article/view/10991,,
690. A Dynamic Window Neural Network for CCG Supertagging,,,https://ojs.aaai.org/index.php/AAAI/article/view/10992,,
691. Improving Word Embeddings with Convolutional Feature Learning and Subword Information,,,https://ojs.aaai.org/index.php/AAAI/article/view/10993,,
692. Incrementally Learning the Hierarchical Softmax Function for Neural Language Models,,,https://ojs.aaai.org/index.php/AAAI/article/view/10994,,
693. Neural Models for Sequence Chunking,,,https://ojs.aaai.org/index.php/AAAI/article/view/10995,,
694. Definition Modeling- Learning to Define Word Embeddings in Natural Language,,,https://ojs.aaai.org/index.php/AAAI/article/view/10996,,
695. Semantic Parsing with Neural Hybrid Trees,,,https://ojs.aaai.org/index.php/AAAI/article/view/10997,,
696. Representations of Context in Recognizing the Figurative and Literal Usages of Idioms,,,https://ojs.aaai.org/index.php/AAAI/article/view/10998,,
697. Community-Based Question Answering via Asymmetric Multi-Faceted Ranking Network Learning,,,https://ojs.aaai.org/index.php/AAAI/article/view/10999,,
698. Structural Correspondence Learning for Cross-Lingual Sentiment Classification with One-to-Many Mappings,,,https://ojs.aaai.org/index.php/AAAI/article/view/11000,,
699. What Happens Next- Future Subevent Prediction Using Contextual Hierarchical LSTM,,,https://ojs.aaai.org/index.php/AAAI/article/view/11001,,
700. Word Embedding Based Correlation Model for Question-Answer Matching,,,https://ojs.aaai.org/index.php/AAAI/article/view/11002,,
701. Bootstrapping Distantly Supervised IE Using Joint Learning and Small Well-Structured Corpora,,,https://ojs.aaai.org/index.php/AAAI/article/view/11003,,
702. Distant Supervision via Prototype-Based Global Representation Learning,,,https://ojs.aaai.org/index.php/AAAI/article/view/11004,,
703. Improving Event Causality Recognition with Multiple Background Knowledge Sources Using Multi-Column Convolutional Neural Networks,,,https://ojs.aaai.org/index.php/AAAI/article/view/11005,,
704. Attentive Interactive Neural Networks for Answer Selection in Community Question Answering,,,https://ojs.aaai.org/index.php/AAAI/article/view/11006,,
705. Salience Estimation via Variational Auto-Encoders for Multi-Document Summarization,,,https://ojs.aaai.org/index.php/AAAI/article/view/11007,,
706. Unsupervised Sentiment Analysis with Signed Social Networks,,,https://ojs.aaai.org/index.php/AAAI/article/view/11008,,
707. Efficient Dependency-Guided Named Entity Recognition,,,https://ojs.aaai.org/index.php/AAAI/article/view/11009,,
708. Automatic Emphatic Information Extraction from Aligned Acoustic Data and Its Application on Sentence Compression,,,https://ojs.aaai.org/index.php/AAAI/article/view/11010,,
709. Collaborative User Clustering for Short Text Streams,,,https://ojs.aaai.org/index.php/AAAI/article/view/11011,,
710. Efficiently Mining High Quality Phrases from Texts,,,https://ojs.aaai.org/index.php/AAAI/article/view/11012,,
711. Greedy Flipping for Constrained Word Deletion,,,https://ojs.aaai.org/index.php/AAAI/article/view/11013,,
712. Recurrent Neural Networks with Auxiliary Labels for Cross-Domain Opinion Target Extraction,,,https://ojs.aaai.org/index.php/AAAI/article/view/11014,,
713. Using Discourse Signals for Robust Instructor Intervention Prediction,,,https://ojs.aaai.org/index.php/AAAI/article/view/11015,,
714. Learning Latent Sentiment Scopes for Entity-Level Sentiment Analysis,,,https://ojs.aaai.org/index.php/AAAI/article/view/11016,,
715. Computational Issues in Time-Inconsistent Planning,,,https://ojs.aaai.org/index.php/AAAI/article/view/11017,,
716. Validating Domains and Plans for Temporal Planning via Encoding into Infinite-State Linear Temporal Logic,,,https://ojs.aaai.org/index.php/AAAI/article/view/11018,,
717. Robust Execution of Probabilistic Temporal Plans,,,https://ojs.aaai.org/index.php/AAAI/article/view/11019,,
718. On the Disruptive Effectiveness of Automated Planning for LTLf-Based Trace Alignment,,,https://ojs.aaai.org/index.php/AAAI/article/view/11020,,
719. Landmark-Based Heuristics for Goal Recognition,,,https://ojs.aaai.org/index.php/AAAI/article/view/11021,,
720. Narrowing the Gap Between Saturated and Optimal Cost Partitioning for Classical Planning,,,https://ojs.aaai.org/index.php/AAAI/article/view/11022,,
721. Higher-Dimensional Potential Heuristics for Optimal Classical Planning,,,https://ojs.aaai.org/index.php/AAAI/article/view/11023,,
722. An Efficient Approach to Model-Based Hierarchical Reinforcement Learning,,,https://ojs.aaai.org/index.php/AAAI/article/view/11024,,
723. Plan Reordering and Parallel Execution — A Parameterized Complexity View,,,https://ojs.aaai.org/index.php/AAAI/article/view/11025,,
724. Optimizing Quantiles in Preference-Based Markov Decision Processes,,,https://ojs.aaai.org/index.php/AAAI/article/view/11026,,
725. Best-First Width Search- Exploration and Exploitation in Classical Planning,,,https://ojs.aaai.org/index.php/AAAI/article/view/11027,,
726. An Analysis of Monte Carlo Tree Search,,,https://ojs.aaai.org/index.php/AAAI/article/view/11028,,
727. Human-Aware Plan Recognition,,,https://ojs.aaai.org/index.php/AAAI/article/view/11029,,
728. Schematic Invariants by Reduction to Ground Invariants,,,https://ojs.aaai.org/index.php/AAAI/article/view/11030,,
729. Logical Filtering and Smoothing- State Estimation in Partially Observable Domains,,,https://ojs.aaai.org/index.php/AAAI/article/view/11031,,
730. Accelerated Vector Pruning for Optimal POMDP Solvers,,,https://ojs.aaai.org/index.php/AAAI/article/view/11032,,
731. When to Reset Your Keys- Optimal Timing of Security Updates via Learning,,,https://ojs.aaai.org/index.php/AAAI/article/view/11033,,
732. Incorporating Domain-Independent Planning Heuristics in Hierarchical Planning,,,https://ojs.aaai.org/index.php/AAAI/article/view/11034,,
733. Multi-Agent Path Finding with Delay Probabilities,,,https://ojs.aaai.org/index.php/AAAI/article/view/11035,,
734. Fast SSP Solvers Using Short-Sighted Labeling,,,https://ojs.aaai.org/index.php/AAAI/article/view/11036,,
735. Bounding the Probability of Resource Constraint Violations in Multi-Agent MDPs,,,https://ojs.aaai.org/index.php/AAAI/article/view/11037,,
736. CoCoA- A Non-Iterative Approach to a Local Search (A)DCOP Solver,,,https://ojs.aaai.org/index.php/AAAI/article/view/11125,,
737. A BTP-Based Family of Variable Elimination Rules for Binary CSPs,,,https://ojs.aaai.org/index.php/AAAI/article/view/11126,,
738. Extending Compact-Table to Negative and Short Tables,,,https://ojs.aaai.org/index.php/AAAI/article/view/11127,,
739. A SAT-Based Approach for Solving the Modal Logic S5-Satisfiability Problem,,,https://ojs.aaai.org/index.php/AAAI/article/view/11128,,
740. Algorithms for Deciding Counting Quantifiers over Unary Predicates,,,https://ojs.aaai.org/index.php/AAAI/article/view/11129,,
741. Soft and Cost MDD Propagators,,,https://ojs.aaai.org/index.php/AAAI/article/view/11130,,
742. RQUERY- Rewriting Natural Language Queries on Knowledge Graphs to Alleviate the Vocabulary Mismatch Problem,,,https://ojs.aaai.org/index.php/AAAI/article/view/11131,,
743. Rigging Nearly Acyclic Tournaments Is Fixed-Parameter Tractable,,,https://ojs.aaai.org/index.php/AAAI/article/view/11132,,
744. Phase Transitions for Scale-Free SAT Formulas,,,https://ojs.aaai.org/index.php/AAAI/article/view/11133,,
745. The Opacity of Backbones,,,https://ojs.aaai.org/index.php/AAAI/article/view/11134,,
746. Should Algorithms for Random SAT and Max-SAT Be Different-,,,https://ojs.aaai.org/index.php/AAAI/article/view/11135,,
747. General Bounds on Satisfiability Thresholds for Random CSPs via Fourier Analysis,,,https://ojs.aaai.org/index.php/AAAI/article/view/11136,,
748. Between Subgraph Isomorphism and Maximum Common Subgraph,,,https://ojs.aaai.org/index.php/AAAI/article/view/11137,,
749. Maximum Model Counting,,,https://ojs.aaai.org/index.php/AAAI/article/view/11138,,
750. Problems in Large-Scale Image Classification,,,https://ojs.aaai.org/index.php/AAAI/article/view/10516,,
751. V for Verification- Intelligent Algorithm of Checking Reliability of Smart Systems,,,https://ojs.aaai.org/index.php/AAAI/article/view/10517,,
752. Accelerating Multiagent Reinforcement Learning through Transfer Learning,,,https://ojs.aaai.org/index.php/AAAI/article/view/10518,,
753. Explainable Image Understanding Using Vision and Reasoning,,,https://ojs.aaai.org/index.php/AAAI/article/view/10519,,
754. Problem Formulation for Accommodation Support in Plan-Based Interactive Narratives,,,https://ojs.aaai.org/index.php/AAAI/article/view/10520,,
755. Modelling Familiarity for Intelligent Personalized Social Mobilization,,,https://ojs.aaai.org/index.php/AAAI/article/view/10521,,
756. Scalable Nonparametric Tensor Analysis,,,https://ojs.aaai.org/index.php/AAAI/article/view/10522,,
757. Representations for Continuous Learning,,,https://ojs.aaai.org/index.php/AAAI/article/view/10523,,
758. Joint Learning of Structural and Textual Features for Web Scale Event Extraction,,,https://ojs.aaai.org/index.php/AAAI/article/view/10524,,
759. Structured Prediction in Time Series Data,,,https://ojs.aaai.org/index.php/AAAI/article/view/10525,,
760. Project Scheduling in Complex Business Environments,,,https://ojs.aaai.org/index.php/AAAI/article/view/10526,,
761. An Evolutionary Algorithm Based Framework for Task Allocation in Multi-Robot Teams,,,https://ojs.aaai.org/index.php/AAAI/article/view/10527,,
762. Transfer of Knowledge through Collective Learning,,,https://ojs.aaai.org/index.php/AAAI/article/view/10528,,
763. Improving Deep Reinforcement Learning with Knowledge Transfer,,,https://ojs.aaai.org/index.php/AAAI/article/view/10529,,
764. Human-Like Spatial Reasoning Formalisms,,,https://ojs.aaai.org/index.php/AAAI/article/view/10530,,
765. A Supervised Sparse Learning Framework to Solve EEG Inverse Problem for Discriminative Activations Pattern,,,https://ojs.aaai.org/index.php/AAAI/article/view/10531,,
